Date,Carlow,Cavan,Clare,Cork,Donegal,Dublin,Galway,Kerry,Kildare,Kilkenny,Laois,Leitrim,Limerick,Longford,Louth,Mayo,Meath,Monaghan,Offaly,Roscommon,Sligo,Tipperary,Waterford,Westmeath,Wexford,Wicklow
2020-02-27,0.0,0.0,0.0,0.0,0.0,0.0,0.0,0.0,0.0,0.0,0.0,0.0,0.0,0.0,0.0,0.0,0.0,0.0,0.0,0.0,0.0,0.0,0.0,0.0,0.0,0.0
2020-03-01,0.0,0.0,0.0,0.0,0.0,0.0,0.0,0.0,0.0,0.0,0.0,0.0,0.0,0.0,0.0,0.0,0.0,0.0,0.0,0.0,0.0,0.0,0.0,0.0,0.0,0.0
2020-03-02,0.0,0.0,0.0,0.0,0.0,0.0,0.0,0.0,0.0,0.0,0.0,0.0,0.0,0.0,0.0,0.0,0.0,0.0,0.0,0.0,0.0,0.0,0.0,0.0,0.0,0.0
2020-03-03,0.0,0.0,0.0,0.0,0.0,0.0,0.0,0.0,0.0,0.0,0.0,0.0,0.0,0.0,0.0,0.0,0.0,0.0,0.0,0.0,0.0,0.0,0.0,0.0,0.0,0.0
2020-03-04,0.0,0.0,0.0,0.0,0.0,0.0,0.0,0.0,0.0,0.0,0.0,0.0,0.0,0.0,0.0,0.0,0.0,0.0,0.0,0.0,0.0,0.0,0.0,0.0,0.0,0.0
2020-03-05,0.0,0.0,0.0,0.0,0.0,0.0,0.0,0.0,0.0,0.0,0.0,0.0,0.0,0.0,0.0,0.0,0.0,0.0,0.0,0.0,0.0,0.0,0.0,0.0,0.0,0.0
2020-03-06,0.0,0.0,0.0,0.0,0.0,0.0,0.0,0.0,0.0,0.0,0.0,0.0,0.0,0.0,0.0,0.0,0.0,0.0,0.0,0.0,0.0,0.0,0.0,0.0,0.0,0.0
2020-03-07,0.0,0.0,0.0,0.0,0.0,0.0,0.0,0.0,0.0,0.0,0.0,0.0,0.0,0.0,0.0,0.0,0.0,0.0,0.0,0.0,0.0,0.0,0.0,0.0,0.0,0.0
2020-03-08,0.0,0.0,0.0,0.0,0.0,0.0,0.0,0.0,0.0,0.0,0.0,0.0,0.0,0.0,0.0,0.0,0.0,0.0,0.0,0.0,0.0,0.0,0.0,0.0,0.0,0.0
2020-03-09,0.0,0.0,0.0,0.0,0.0,0.0,0.0,0.0,0.0,0.0,0.0,0.0,0.0,0.0,0.0,0.0,0.0,0.0,0.0,0.0,0.0,0.0,0.0,0.0,0.0,0.0
2020-03-10,0.0,0.0,0.0,0.0,0.0,0.0,0.0,0.0,0.0,0.0,0.0,0.0,0.0,0.0,0.0,0.0,0.0,0.0,0.0,0.0,0.0,0.0,0.0,0.0,0.0,0.0
2020-03-11,0.0,0.0,0.0,0.0,0.0,0.0,0.0,0.0,0.0,0.0,0.0,0.0,0.0,0.0,0.0,0.0,0.0,0.0,0.0,0.0,0.0,0.0,0.0,0.0,0.0,0.0
2020-03-12,0.0,0.0,0.0,0.0,0.0,0.0,0.0,0.0,0.0,0.0,0.0,0.0,0.0,0.0,0.0,0.0,0.0,0.0,0.0,0.0,0.0,0.0,0.0,0.0,0.0,0.0
2020-03-13,0.0,0.0,0.0,0.0,0.0,0.0,0.0,0.0,0.0,0.0,0.0,0.0,0.0,0.0,0.0,0.0,0.0,0.0,0.0,0.0,0.0,0.0,0.0,0.0,0.0,0.0
2020-03-14,0.0,0.0,0.0,0.0,0.0,0.0,0.0,0.0,0.0,0.0,0.0,0.0,0.0,0.0,0.0,0.0,0.0,0.0,0.0,0.0,0.0,0.0,0.0,0.0,0.0,0.0
2020-03-15,0.0,0.0,0.0,0.0,0.0,0.0,0.0,0.0,0.0,0.0,0.0,0.0,0.0,0.0,0.0,0.0,0.0,0.0,0.0,0.0,0.0,0.0,0.0,0.0,0.0,0.0
2020-03-16,0.0,0.0,0.0,0.0,0.0,0.0,0.0,0.0,0.0,0.0,0.0,0.0,0.0,0.0,0.0,0.0,0.0,0.0,0.0,0.0,0.0,0.0,0.0,0.0,0.0,0.0
2020-03-17,0.0,0.0,0.0,0.0,0.0,0.0,0.0,0.0,0.0,0.0,0.0,0.0,0.0,0.0,0.0,0.0,0.0,0.0,0.0,0.0,0.0,0.0,0.0,0.0,0.0,0.0
2020-03-18,0.0,0.0,0.0,0.0,0.0,0.0,0.0,0.0,0.0,0.0,0.0,0.0,0.0,0.0,0.0,0.0,0.0,0.0,0.0,0.0,0.0,0.0,0.0,0.0,0.0,0.0
2020-03-19,0.0,0.0,0.0,0.0,0.0,0.0,0.0,0.0,0.0,0.0,0.0,0.0,0.0,0.0,0.0,0.0,0.0,0.0,0.0,0.0,0.0,0.0,0.0,0.0,0.0,0.0
2020-03-20,0.0,0.0,0.0,0.0,0.0,0.0,0.0,0.0,0.0,0.0,0.0,0.0,0.0,0.0,0.0,0.0,0.0,0.0,0.0,0.0,0.0,0.0,0.0,0.0,0.0,0.0
2020-03-21,0.005,0.004,0.008,0.019,0.005,0.035,0.013,0.008,0.01,0.015,0.007,0.009,0.009,0.007,0.01,0.005,0.007,0.005,0.013,0.005,0.012,0.013,0.008,0.023,0.002,0.015
2020-03-22,0.005,0.007,0.009,0.023,0.007,0.04,0.014,0.01,0.011,0.016,0.009,0.009,0.01,0.007,0.012,0.007,0.008,0.005,0.017,0.005,0.012,0.013,0.011,0.024,0.005,0.02
2020-03-23,0.005,0.007,0.01,0.024,0.007,0.049,0.016,0.022,0.015,0.016,0.011,0.009,0.01,0.007,0.014,0.007,0.012,0.005,0.017,0.005,0.012,0.013,0.013,0.028,0.005,0.027
2020-03-24,0.005,0.008,0.021,0.028,0.008,0.057,0.017,0.026,0.018,0.019,0.011,0.009,0.012,0.007,0.016,0.011,0.014,0.005,0.021,0.008,0.012,0.017,0.019,0.033,0.005,0.034
2020-03-25,0.005,0.012,0.022,0.031,0.009,0.068,0.022,0.03,0.02,0.02,0.012,0.009,0.018,0.012,0.019,0.014,0.017,0.008,0.024,0.011,0.012,0.021,0.022,0.044,0.006,0.037
2020-03-26,0.005,0.014,0.026,0.034,0.009,0.079,0.024,0.032,0.025,0.029,0.013,0.009,0.024,0.012,0.021,0.016,0.021,0.013,0.028,0.012,0.015,0.028,0.025,0.059,0.007,0.041
2020-03-27,0.005,0.025,0.029,0.038,0.015,0.092,0.026,0.036,0.027,0.033,0.017,0.009,0.028,0.024,0.026,0.02,0.024,0.018,0.037,0.015,0.018,0.033,0.027,0.075,0.008,0.046
2020-03-28,0.005,0.032,0.029,0.04,0.023,0.103,0.03,0.041,0.029,0.036,0.017,0.019,0.033,0.024,0.03,0.021,0.024,0.02,0.044,0.015,0.029,0.039,0.027,0.079,0.008,0.048
2020-03-29,0.005,0.041,0.034,0.044,0.029,0.11,0.033,0.045,0.03,0.036,0.018,0.019,0.034,0.024,0.034,0.028,0.028,0.021,0.044,0.015,0.029,0.044,0.028,0.087,0.01,0.051
2020-03-30,0.005,0.047,0.038,0.047,0.04,0.122,0.034,0.046,0.036,0.037,0.019,0.031,0.045,0.029,0.04,0.037,0.034,0.021,0.051,0.015,0.034,0.053,0.032,0.09,0.01,0.054
2020-03-31,0.005,0.051,0.041,0.05,0.043,0.136,0.035,0.049,0.04,0.037,0.019,0.037,0.048,0.034,0.04,0.04,0.038,0.028,0.059,0.015,0.038,0.057,0.033,0.091,0.011,0.059
2020-04-01,0.005,0.054,0.042,0.054,0.048,0.154,0.038,0.053,0.046,0.047,0.019,0.037,0.049,0.039,0.042,0.042,0.045,0.029,0.06,0.02,0.04,0.059,0.037,0.097,0.012,0.074
2020-04-02,0.011,0.088,0.045,0.056,0.05,0.167,0.041,0.057,0.061,0.054,0.025,0.041,0.06,0.042,0.043,0.048,0.048,0.033,0.081,0.02,0.041,0.066,0.037,0.104,0.013,0.079
2020-04-03,0.021,0.1,0.045,0.063,0.051,0.185,0.042,0.058,0.068,0.074,0.026,0.041,0.066,0.042,0.05,0.06,0.054,0.037,0.082,0.023,0.043,0.074,0.04,0.106,0.014,0.093
2020-04-04,0.021,0.151,0.05,0.067,0.065,0.2,0.043,0.06,0.079,0.076,0.03,0.044,0.072,0.051,0.05,0.082,0.072,0.085,0.085,0.028,0.043,0.078,0.042,0.121,0.014,0.1
2020-04-05,0.021,0.161,0.055,0.078,0.072,0.227,0.05,0.079,0.09,0.08,0.037,0.056,0.073,0.061,0.066,0.097,0.086,0.094,0.094,0.034,0.043,0.083,0.042,0.136,0.015,0.12
2020-04-06,0.026,0.169,0.056,0.079,0.075,0.243,0.052,0.083,0.105,0.089,0.04,0.062,0.082,0.086,0.074,0.1,0.094,0.101,0.099,0.034,0.043,0.086,0.045,0.151,0.016,0.127
2020-04-07,0.028,0.173,0.057,0.087,0.079,0.264,0.052,0.085,0.114,0.091,0.044,0.072,0.089,0.088,0.082,0.103,0.102,0.103,0.104,0.034,0.043,0.088,0.048,0.16,0.017,0.145
2020-04-08,0.033,0.198,0.058,0.093,0.091,0.287,0.062,0.098,0.13,0.097,0.058,0.078,0.095,0.1,0.09,0.117,0.106,0.112,0.113,0.04,0.047,0.095,0.052,0.171,0.02,0.166
2020-04-09,0.039,0.222,0.072,0.107,0.105,0.308,0.065,0.105,0.149,0.116,0.072,0.097,0.114,0.11,0.103,0.129,0.118,0.132,0.133,0.042,0.06,0.104,0.054,0.204,0.026,0.173
2020-04-10,0.056,0.276,0.074,0.119,0.118,0.335,0.069,0.115,0.162,0.125,0.084,0.1,0.12,0.12,0.111,0.14,0.128,0.143,0.153,0.048,0.069,0.11,0.058,0.216,0.029,0.185
2020-04-11,0.067,0.291,0.082,0.134,0.141,0.372,0.076,0.135,0.182,0.137,0.104,0.1,0.129,0.137,0.151,0.149,0.148,0.155,0.171,0.06,0.069,0.125,0.063,0.24,0.035,0.191
2020-04-12,0.077,0.322,0.089,0.144,0.166,0.404,0.085,0.148,0.199,0.145,0.119,0.112,0.136,0.142,0.161,0.152,0.175,0.2,0.185,0.074,0.079,0.137,0.07,0.264,0.037,0.223
2020-04-13,0.093,0.333,0.095,0.153,0.186,0.434,0.092,0.153,0.229,0.165,0.139,0.125,0.146,0.169,0.183,0.166,0.189,0.239,0.192,0.077,0.095,0.149,0.077,0.291,0.041,0.24
2020-04-14,0.104,0.407,0.1,0.169,0.201,0.47,0.101,0.167,0.255,0.174,0.157,0.134,0.158,0.188,0.272,0.191,0.208,0.262,0.209,0.088,0.101,0.157,0.087,0.348,0.047,0.263
2020-04-15,0.104,0.453,0.114,0.174,0.221,0.487,0.103,0.172,0.279,0.18,0.164,0.144,0.176,0.193,0.298,0.198,0.216,0.27,0.219,0.095,0.105,0.169,0.088,0.358,0.051,0.27
2020-04-16,0.121,0.463,0.127,0.18,0.232,0.515,0.106,0.173,0.307,0.189,0.174,0.144,0.196,0.203,0.298,0.209,0.236,0.277,0.227,0.115,0.107,0.177,0.095,0.374,0.057,0.275
2020-04-17,0.125,0.507,0.129,0.189,0.236,0.548,0.11,0.177,0.343,0.199,0.198,0.147,0.197,0.215,0.314,0.239,0.256,0.283,0.24,0.118,0.116,0.183,0.096,0.403,0.065,0.307
2020-04-18,0.137,0.526,0.135,0.193,0.241,0.569,0.114,0.181,0.367,0.208,0.201,0.153,0.206,0.223,0.339,0.254,0.263,0.305,0.244,0.141,0.119,0.188,0.097,0.416,0.067,0.312
2020-04-19,0.139,0.529,0.138,0.194,0.246,0.578,0.114,0.181,0.369,0.212,0.209,0.169,0.21,0.23,0.364,0.257,0.268,0.324,0.25,0.141,0.142,0.192,0.101,0.425,0.076,0.313
2020-04-20,0.141,0.564,0.139,0.198,0.261,0.587,0.12,0.181,0.382,0.218,0.218,0.172,0.213,0.247,0.379,0.26,0.276,0.358,0.254,0.141,0.148,0.201,0.102,0.435,0.092,0.325
2020-04-21,0.148,0.612,0.157,0.2,0.271,0.61,0.122,0.183,0.393,0.224,0.227,0.175,0.215,0.25,0.393,0.28,0.282,0.406,0.263,0.143,0.15,0.205,0.105,0.445,0.092,0.329
2020-04-22,0.151,0.664,0.173,0.202,0.271,0.648,0.128,0.183,0.429,0.229,0.238,0.193,0.225,0.25,0.416,0.3,0.291,0.518,0.278,0.172,0.15,0.215,0.105,0.461,0.096,0.355
2020-04-23,0.155,0.704,0.174,0.203,0.275,0.669,0.129,0.187,0.451,0.231,0.241,0.193,0.226,0.276,0.458,0.303,0.296,0.533,0.285,0.177,0.159,0.216,0.111,0.474,0.101,0.392
2020-04-24,0.16,0.754,0.176,0.204,0.28,0.685,0.129,0.188,0.462,0.232,0.242,0.2,0.227,0.303,0.463,0.333,0.314,0.57,0.289,0.18,0.159,0.217,0.116,0.492,0.104,0.392
2020-04-25,0.162,0.799,0.178,0.207,0.284,0.707,0.129,0.195,0.507,0.235,0.242,0.206,0.234,0.316,0.486,0.356,0.321,0.608,0.292,0.209,0.174,0.228,0.118,0.502,0.108,0.391
2020-04-26,0.163,0.823,0.193,0.207,0.285,0.714,0.129,0.195,0.515,0.235,0.25,0.209,0.266,0.33,0.497,0.357,0.327,0.627,0.303,0.218,0.174,0.232,0.118,0.505,0.108,0.392
2020-04-27,0.167,0.832,0.195,0.209,0.285,0.724,0.136,0.198,0.522,0.238,0.255,0.209,0.273,0.355,0.506,0.366,0.339,0.632,0.339,0.229,0.177,0.244,0.118,0.519,0.108,0.396
2020-04-28,0.167,0.832,0.195,0.211,0.286,0.74,0.138,0.198,0.536,0.244,0.257,0.212,0.275,0.357,0.508,0.37,0.344,0.64,0.362,0.232,0.177,0.26,0.118,0.534,0.112,0.414
2020-04-29,0.176,0.845,0.199,0.213,0.288,0.755,0.138,0.198,0.546,0.252,0.264,0.212,0.281,0.365,0.511,0.372,0.349,0.65,0.364,0.234,0.177,0.293,0.119,0.549,0.12,0.421
2020-04-30,0.176,0.861,0.199,0.213,0.288,0.763,0.138,0.199,0.551,0.256,0.272,0.212,0.289,0.367,0.518,0.374,0.352,0.657,0.376,0.248,0.177,0.296,0.119,0.563,0.122,0.424
2020-05-01,0.221,0.883,0.202,0.214,0.29,0.772,0.141,0.2,0.558,0.26,0.276,0.209,0.298,0.374,0.522,0.379,0.358,0.666,0.391,0.27,0.179,0.3,0.12,0.573,0.124,0.434
2020-05-02,0.223,0.895,0.206,0.216,0.292,0.784,0.141,0.202,0.57,0.26,0.28,0.218,0.299,0.521,0.527,0.384,0.366,0.689,0.403,0.27,0.182,0.3,0.12,0.608,0.124,0.437
2020-05-03,0.223,0.911,0.21,0.217,0.293,0.792,0.143,0.204,0.575,0.26,0.281,0.218,0.3,0.575,0.531,0.391,0.368,0.699,0.407,0.28,0.183,0.305,0.12,0.616,0.123,0.439
2020-05-04,0.232,0.931,0.214,0.22,0.293,0.797,0.145,0.204,0.579,0.261,0.283,0.218,0.3,0.629,0.538,0.392,0.37,0.704,0.435,0.328,0.185,0.314,0.12,0.624,0.123,0.441
2020-05-05,0.232,0.932,0.236,0.22,0.295,0.805,0.147,0.204,0.585,0.267,0.283,0.218,0.295,0.634,0.542,0.394,0.371,0.718,0.435,0.342,0.185,0.317,0.121,0.706,0.127,0.444
2020-05-06,0.234,0.958,0.252,0.221,0.295,0.808,0.148,0.205,0.59,0.267,0.286,0.206,0.29,0.636,0.545,0.397,0.373,0.722,0.443,0.353,0.177,0.321,0.121,0.713,0.127,0.447
2020-05-07,0.239,0.982,0.255,0.222,0.295,0.813,0.148,0.205,0.592,0.273,0.292,0.206,0.292,0.646,0.555,0.4,0.387,0.728,0.448,0.363,0.177,0.323,0.123,0.721,0.13,0.447
2020-05-08,0.244,0.987,0.255,0.222,0.295,0.821,0.15,0.205,0.595,0.279,0.292,0.206,0.293,0.646,0.559,0.4,0.389,0.728,0.449,0.364,0.177,0.324,0.123,0.722,0.133,0.451
2020-05-09,0.248,0.989,0.257,0.227,0.296,0.829,0.152,0.205,0.598,0.282,0.293,0.231,0.299,0.653,0.566,0.4,0.39,0.731,0.45,0.383,0.188,0.328,0.123,0.724,0.135,0.454
2020-05-10,0.248,0.994,0.258,0.227,0.296,0.834,0.155,0.206,0.601,0.286,0.294,0.231,0.302,0.658,0.569,0.411,0.394,0.74,0.459,0.46,0.194,0.328,0.123,0.724,0.135,0.454
2020-05-11,0.251,1.004,0.259,0.228,0.296,0.834,0.156,0.206,0.604,0.293,0.294,0.234,0.302,0.661,0.569,0.412,0.394,0.746,0.462,0.462,0.195,0.328,0.124,0.727,0.138,0.454
2020-05-12,0.251,1.007,0.259,0.23,0.297,0.839,0.157,0.206,0.606,0.294,0.294,0.24,0.303,0.665,0.57,0.415,0.395,0.756,0.464,0.462,0.195,0.328,0.124,0.73,0.139,0.457
2020-05-13,0.253,1.016,0.263,0.231,0.297,0.858,0.158,0.207,0.608,0.295,0.296,0.24,0.305,0.668,0.574,0.415,0.396,0.761,0.558,0.463,0.195,0.323,0.124,0.734,0.139,0.458
2020-05-14,0.253,1.019,0.264,0.248,0.298,0.858,0.16,0.208,0.61,0.297,0.296,0.247,0.306,0.668,0.574,0.415,0.398,0.762,0.584,0.465,0.197,0.327,0.124,0.737,0.141,0.458
2020-05-15,0.256,1.025,0.264,0.249,0.298,0.866,0.162,0.208,0.612,0.3,0.299,0.247,0.308,0.678,0.573,0.419,0.399,0.782,0.589,0.466,0.197,0.328,0.126,0.737,0.142,0.461
2020-05-16,0.258,1.034,0.265,0.251,0.298,0.868,0.167,0.208,0.614,0.302,0.299,0.247,0.309,0.683,0.574,0.423,0.4,0.782,0.589,0.471,0.197,0.328,0.127,0.737,0.142,0.461
2020-05-17,0.26,1.05,0.265,0.253,0.3,0.868,0.17,0.209,0.62,0.304,0.3,0.25,0.309,0.683,0.576,0.426,0.401,0.79,0.591,0.476,0.197,0.329,0.127,0.739,0.142,0.461
2020-05-18,0.262,1.053,0.265,0.253,0.3,0.871,0.172,0.209,0.62,0.309,0.3,0.256,0.313,0.683,0.578,0.428,0.403,0.79,0.6,0.477,0.197,0.331,0.127,0.741,0.145,0.461
2020-05-19,0.263,1.055,0.265,0.255,0.3,0.873,0.172,0.209,0.621,0.309,0.302,0.256,0.314,0.685,0.58,0.429,0.404,0.795,0.605,0.48,0.197,0.332,0.127,0.741,0.145,0.461
2020-05-20,0.265,1.055,0.268,0.258,0.3,0.875,0.175,0.209,0.622,0.318,0.302,0.256,0.316,0.685,0.583,0.429,0.405,0.797,0.607,0.483,0.197,0.332,0.127,0.745,0.145,0.461
2020-05-21,0.265,1.07,0.268,0.262,0.3,0.878,0.176,0.209,0.623,0.321,0.302,0.256,0.316,0.685,0.587,0.432,0.408,0.797,0.609,0.486,0.197,0.331,0.128,0.745,0.145,0.463
2020-05-22,0.267,1.082,0.27,0.263,0.3,0.881,0.177,0.209,0.623,0.337,0.302,0.256,0.316,0.685,0.587,0.435,0.409,0.816,0.613,0.493,0.197,0.331,0.13,0.747,0.145,0.464
2020-05-23,0.267,1.083,0.271,0.265,0.3,0.881,0.179,0.209,0.625,0.337,0.302,0.256,0.318,0.687,0.589,0.435,0.409,0.816,0.613,0.494,0.197,0.331,0.13,0.747,0.145,0.464
2020-05-24,0.267,1.086,0.271,0.265,0.3,0.883,0.179,0.209,0.627,0.337,0.303,0.256,0.319,0.687,0.589,0.435,0.409,0.819,0.614,0.494,0.197,0.331,0.13,0.747,0.145,0.466
2020-05-25,0.267,1.088,0.271,0.267,0.3,0.888,0.18,0.209,0.633,0.339,0.305,0.256,0.32,0.687,0.589,0.435,0.409,0.819,0.614,0.494,0.197,0.331,0.13,0.748,0.144,0.466
2020-05-26,0.27,1.094,0.271,0.269,0.3,0.89,0.183,0.209,0.635,0.34,0.305,0.259,0.321,0.687,0.589,0.436,0.407,0.821,0.613,0.496,0.197,0.331,0.13,0.749,0.144,0.466
2020-05-27,0.272,1.094,0.271,0.27,0.3,0.892,0.184,0.209,0.636,0.34,0.305,0.259,0.322,0.685,0.589,0.436,0.407,0.821,0.613,0.496,0.197,0.331,0.131,0.751,0.144,0.466
2020-05-28,0.278,1.094,0.272,0.271,0.3,0.893,0.184,0.209,0.636,0.34,0.305,0.259,0.322,0.687,0.592,0.438,0.408,0.826,0.613,0.497,0.197,0.33,0.131,0.751,0.144,0.466
2020-05-29,0.292,1.095,0.272,0.272,0.3,0.894,0.185,0.209,0.636,0.341,0.306,0.259,0.322,0.692,0.594,0.438,0.408,0.829,0.613,0.516,0.197,0.332,0.131,0.753,0.144,0.466
2020-05-30,0.292,1.101,0.303,0.279,0.3,0.894,0.186,0.209,0.637,0.341,0.306,0.259,0.305,0.692,0.596,0.438,0.408,0.829,0.613,0.516,0.197,0.332,0.132,0.754,0.144,0.466
2020-05-31,0.292,1.108,0.31,0.279,0.3,0.897,0.187,0.209,0.638,0.341,0.306,0.259,0.298,0.692,0.596,0.437,0.41,0.834,0.613,0.519,0.197,0.337,0.132,0.755,0.142,0.468
2020-06-01,0.292,1.108,0.311,0.279,0.3,0.898,0.187,0.209,0.638,0.342,0.307,0.259,0.299,0.692,0.601,0.437,0.411,0.834,0.613,0.521,0.197,0.338,0.131,0.755,0.142,0.468
2020-06-02,0.297,1.111,0.311,0.28,0.3,0.899,0.186,0.209,0.638,0.342,0.307,0.259,0.299,0.695,0.602,0.437,0.411,0.849,0.614,0.522,0.197,0.338,0.131,0.755,0.142,0.469
2020-06-03,0.297,1.121,0.311,0.281,0.296,0.899,0.186,0.209,0.638,0.343,0.307,0.259,0.299,0.695,0.603,0.437,0.412,0.859,0.614,0.522,0.197,0.338,0.133,0.756,0.142,0.469
2020-06-04,0.295,1.126,0.31,0.281,0.296,0.9,0.186,0.209,0.64,0.347,0.308,0.262,0.299,0.695,0.603,0.437,0.413,0.86,0.614,0.522,0.195,0.338,0.133,0.756,0.143,0.469
2020-06-05,0.295,1.126,0.31,0.282,0.296,0.901,0.186,0.209,0.64,0.347,0.309,0.262,0.299,0.697,0.603,0.437,0.413,0.86,0.614,0.522,0.195,0.338,0.133,0.756,0.143,0.47
2020-06-06,0.295,1.126,0.31,0.282,0.296,0.902,0.186,0.209,0.64,0.348,0.309,0.262,0.299,0.697,0.602,0.437,0.412,0.863,0.614,0.522,0.195,0.338,0.133,0.756,0.144,0.47
2020-06-07,0.293,1.126,0.31,0.282,0.296,0.902,0.187,0.209,0.64,0.348,0.309,0.262,0.299,0.697,0.604,0.437,0.412,0.865,0.616,0.524,0.195,0.338,0.133,0.756,0.144,0.47
2020-06-08,0.295,1.126,0.31,0.282,0.295,0.903,0.187,0.209,0.64,0.348,0.309,0.262,0.299,0.697,0.604,0.437,0.412,0.865,0.616,0.524,0.195,0.338,0.133,0.756,0.144,0.47
2020-06-09,0.295,1.126,0.311,0.282,0.295,0.903,0.188,0.209,0.641,0.349,0.309,0.262,0.299,0.697,0.604,0.437,0.412,0.87,0.617,0.527,0.195,0.339,0.133,0.756,0.144,0.47
2020-06-10,0.295,1.128,0.311,0.282,0.295,0.903,0.188,0.209,0.641,0.349,0.309,0.262,0.299,0.697,0.604,0.437,0.413,0.87,0.617,0.528,0.195,0.339,0.133,0.755,0.144,0.47
2020-06-11,0.295,1.129,0.311,0.282,0.295,0.904,0.188,0.209,0.641,0.349,0.312,0.262,0.3,0.697,0.604,0.437,0.413,0.87,0.617,0.528,0.195,0.339,0.133,0.755,0.144,0.47
2020-06-12,0.3,1.129,0.311,0.282,0.295,0.906,0.188,0.209,0.644,0.351,0.312,0.262,0.3,0.697,0.604,0.438,0.413,0.872,0.617,0.53,0.195,0.339,0.133,0.755,0.144,0.47
2020-06-13,0.3,1.129,0.311,0.282,0.295,0.906,0.188,0.209,0.644,0.351,0.312,0.262,0.3,0.697,0.604,0.438,0.413,0.872,0.617,0.53,0.195,0.339,0.133,0.755,0.144,0.472
2020-06-14,0.3,1.128,0.311,0.282,0.295,0.908,0.188,0.209,0.644,0.351,0.312,0.262,0.3,0.697,0.604,0.438,0.413,0.873,0.617,0.53,0.197,0.339,0.133,0.755,0.144,0.472
2020-06-15,0.3,1.128,0.311,0.283,0.295,0.908,0.188,0.209,0.645,0.353,0.312,0.262,0.3,0.697,0.604,0.438,0.413,0.873,0.617,0.531,0.197,0.339,0.133,0.755,0.144,0.472
2020-06-16,0.3,1.129,0.311,0.283,0.295,0.908,0.188,0.209,0.645,0.353,0.312,0.262,0.299,0.697,0.604,0.438,0.413,0.873,0.618,0.533,0.197,0.339,0.133,0.755,0.144,0.472
2020-06-17,0.304,1.129,0.311,0.283,0.295,0.909,0.188,0.209,0.647,0.354,0.312,0.262,0.299,0.697,0.604,0.438,0.413,0.873,0.618,0.533,0.197,0.339,0.133,0.755,0.144,0.472
2020-06-18,0.304,1.129,0.311,0.283,0.291,0.91,0.188,0.21,0.647,0.356,0.312,0.243,0.299,0.697,0.604,0.438,0.413,0.873,0.618,0.533,0.191,0.339,0.133,0.755,0.144,0.472
2020-06-19,0.306,1.132,0.311,0.283,0.291,0.91,0.188,0.21,0.649,0.357,0.312,0.243,0.299,0.697,0.605,0.438,0.414,0.873,0.62,0.533,0.191,0.339,0.133,0.757,0.144,0.473
2020-06-20,0.306,1.132,0.311,0.283,0.291,0.91,0.188,0.21,0.649,0.357,0.313,0.243,0.299,0.697,0.605,0.438,0.414,0.873,0.62,0.533,0.191,0.339,0.133,0.757,0.144,0.473
2020-06-21,0.307,1.13,0.311,0.283,0.291,0.908,0.188,0.21,0.659,0.356,0.313,0.243,0.299,0.697,0.605,0.438,0.414,0.873,0.62,0.535,0.191,0.339,0.133,0.757,0.144,0.478
2020-06-22,0.307,1.13,0.311,0.283,0.291,0.907,0.188,0.21,0.663,0.357,0.313,0.243,0.299,0.697,0.605,0.438,0.414,0.873,0.62,0.535,0.191,0.34,0.134,0.757,0.144,0.489
2020-06-23,0.307,1.132,0.311,0.283,0.291,0.907,0.188,0.21,0.664,0.357,0.313,0.243,0.299,0.697,0.605,0.438,0.414,0.875,0.62,0.535,0.191,0.34,0.134,0.757,0.145,0.489
2020-06-24,0.307,1.132,0.311,0.283,0.291,0.907,0.188,0.21,0.664,0.357,0.313,0.243,0.299,0.697,0.605,0.438,0.414,0.875,0.62,0.535,0.191,0.34,0.134,0.757,0.145,0.489
2020-06-25,0.307,1.132,0.311,0.283,0.291,0.907,0.188,0.21,0.664,0.357,0.313,0.243,0.299,0.697,0.605,0.438,0.414,0.875,0.62,0.535,0.191,0.34,0.134,0.757,0.145,0.489
2020-06-26,0.307,1.132,0.311,0.283,0.291,0.907,0.188,0.21,0.664,0.357,0.313,0.243,0.299,0.697,0.605,0.438,0.414,0.875,0.62,0.535,0.191,0.34,0.134,0.757,0.145,0.489
2020-06-27,0.307,1.132,0.311,0.283,0.291,0.909,0.188,0.21,0.666,0.358,0.313,0.243,0.299,0.7,0.606,0.438,0.414,0.876,0.62,0.535,0.195,0.34,0.135,0.757,0.145,0.492
2020-06-28,0.307,1.132,0.311,0.283,0.292,0.909,0.188,0.21,0.668,0.358,0.313,0.247,0.299,0.7,0.606,0.438,0.414,0.876,0.62,0.535,0.211,0.34,0.135,0.757,0.145,0.492
2020-06-29,0.307,1.132,0.311,0.283,0.292,0.909,0.188,0.21,0.668,0.358,0.313,0.247,0.299,0.7,0.606,0.438,0.414,0.876,0.62,0.535,0.211,0.34,0.135,0.757,0.145,0.492
2020-07-01,0.307,1.132,0.31,0.284,0.292,0.91,0.188,0.21,0.67,0.358,0.313,0.25,0.301,0.7,0.606,0.438,0.414,0.876,0.62,0.535,0.215,0.34,0.136,0.758,0.145,0.491
2020-07-02,0.307,1.134,0.31,0.284,0.292,0.91,0.188,0.21,0.671,0.359,0.313,0.256,0.301,0.7,0.606,0.438,0.414,0.876,0.62,0.536,0.215,0.34,0.136,0.759,0.145,0.491
2020-07-03,0.307,1.134,0.31,0.284,0.292,0.911,0.188,0.21,0.671,0.359,0.313,0.256,0.301,0.7,0.606,0.438,0.415,0.876,0.62,0.536,0.215,0.34,0.136,0.759,0.145,0.491
2020-07-04,0.307,1.134,0.31,0.284,0.293,0.911,0.188,0.21,0.673,0.359,0.313,0.256,0.301,0.702,0.607,0.438,0.416,0.876,0.623,0.536,0.221,0.34,0.136,0.759,0.146,0.491
2020-07-05,0.307,1.134,0.31,0.284,0.293,0.91,0.188,0.21,0.673,0.359,0.313,0.256,0.301,0.702,0.607,0.438,0.416,0.876,0.623,0.536,0.223,0.34,0.136,0.759,0.146,0.491
2020-07-06,0.307,1.134,0.31,0.284,0.293,0.91,0.189,0.21,0.674,0.359,0.313,0.256,0.301,0.702,0.609,0.438,0.416,0.878,0.623,0.536,0.223,0.34,0.138,0.759,0.146,0.49
2020-07-07,0.307,1.136,0.31,0.285,0.293,0.91,0.189,0.21,0.674,0.359,0.313,0.256,0.302,0.702,0.609,0.438,0.416,0.878,0.623,0.536,0.223,0.34,0.138,0.762,0.146,0.491
2020-07-08,0.307,1.136,0.31,0.285,0.294,0.911,0.188,0.21,0.675,0.359,0.313,0.256,0.302,0.702,0.609,0.439,0.416,0.878,0.623,0.536,0.224,0.34,0.142,0.762,0.146,0.491
2020-07-09,0.309,1.136,0.31,0.285,0.294,0.912,0.188,0.211,0.677,0.359,0.313,0.256,0.302,0.702,0.609,0.439,0.416,0.878,0.623,0.536,0.226,0.34,0.142,0.762,0.146,0.493
2020-07-10,0.309,1.136,0.311,0.285,0.294,0.912,0.189,0.211,0.68,0.359,0.313,0.256,0.302,0.702,0.611,0.439,0.416,0.878,0.623,0.536,0.226,0.34,0.142,0.762,0.148,0.495
2020-07-11,0.309,1.136,0.311,0.285,0.294,0.913,0.189,0.211,0.68,0.359,0.313,0.256,0.302,0.702,0.611,0.439,0.416,0.878,0.623,0.536,0.226,0.34,0.142,0.762,0.148,0.496
2020-07-12,0.309,1.136,0.311,0.285,0.294,0.914,0.189,0.213,0.68,0.359,0.313,0.256,0.302,0.702,0.611,0.439,0.416,0.878,0.623,0.536,0.226,0.34,0.142,0.762,0.148,0.497
2020-07-13,0.309,1.136,0.311,0.286,0.294,0.915,0.189,0.214,0.682,0.359,0.313,0.256,0.302,0.702,0.612,0.439,0.419,0.88,0.623,0.536,0.226,0.34,0.143,0.762,0.148,0.498
2020-07-14,0.309,1.137,0.311,0.286,0.295,0.915,0.189,0.214,0.682,0.359,0.313,0.256,0.302,0.702,0.612,0.439,0.419,0.88,0.623,0.536,0.226,0.34,0.143,0.762,0.148,0.498
2020-07-15,0.311,1.137,0.311,0.286,0.296,0.916,0.189,0.214,0.682,0.359,0.313,0.256,0.302,0.702,0.613,0.439,0.419,0.88,0.622,0.536,0.226,0.34,0.143,0.762,0.149,0.498
2020-07-16,0.313,1.138,0.311,0.286,0.296,0.918,0.189,0.214,0.682,0.359,0.313,0.259,0.302,0.702,0.614,0.439,0.419,0.88,0.623,0.536,0.226,0.34,0.143,0.763,0.149,0.499
2020-07-17,0.313,1.138,0.311,0.287,0.296,0.919,0.19,0.214,0.684,0.359,0.313,0.259,0.302,0.702,0.614,0.44,0.419,0.88,0.623,0.536,0.226,0.34,0.143,0.763,0.149,0.499
2020-07-18,0.313,1.138,0.311,0.287,0.296,0.919,0.191,0.214,0.684,0.359,0.313,0.259,0.302,0.702,0.614,0.44,0.419,0.88,0.623,0.536,0.226,0.34,0.143,0.763,0.149,0.499
2020-07-19,0.313,1.138,0.311,0.287,0.296,0.92,0.191,0.214,0.685,0.359,0.314,0.259,0.302,0.702,0.614,0.44,0.419,0.88,0.623,0.536,0.226,0.34,0.143,0.762,0.149,0.499
2020-07-20,0.314,1.138,0.311,0.287,0.296,0.921,0.191,0.214,0.685,0.359,0.315,0.259,0.303,0.702,0.614,0.44,0.421,0.881,0.625,0.536,0.226,0.34,0.143,0.762,0.149,0.499
2020-07-21,0.314,1.138,0.311,0.287,0.296,0.922,0.191,0.214,0.686,0.359,0.315,0.259,0.303,0.702,0.614,0.44,0.422,0.881,0.625,0.536,0.226,0.34,0.143,0.763,0.149,0.5
2020-07-22,0.314,1.138,0.311,0.287,0.296,0.922,0.191,0.214,0.687,0.359,0.315,0.259,0.303,0.702,0.614,0.441,0.422,0.881,0.625,0.536,0.226,0.34,0.143,0.763,0.149,0.5
2020-07-23,0.314,1.138,0.311,0.287,0.296,0.923,0.191,0.214,0.689,0.359,0.315,0.259,0.303,0.702,0.615,0.441,0.422,0.881,0.625,0.536,0.226,0.34,0.143,0.763,0.149,0.5
2020-07-24,0.314,1.138,0.313,0.288,0.296,0.924,0.191,0.215,0.689,0.359,0.316,0.259,0.303,0.705,0.615,0.441,0.423,0.881,0.625,0.536,0.226,0.341,0.143,0.763,0.149,0.5
2020-07-25,0.314,1.138,0.313,0.288,0.296,0.925,0.191,0.215,0.69,0.359,0.316,0.259,0.303,0.705,0.615,0.441,0.423,0.881,0.625,0.536,0.226,0.341,0.143,0.763,0.149,0.501
2020-07-26,0.314,1.138,0.313,0.288,0.296,0.925,0.191,0.215,0.691,0.359,0.316,0.259,0.303,0.705,0.615,0.441,0.423,0.881,0.625,0.536,0.227,0.341,0.143,0.763,0.149,0.501
2020-07-27,0.314,1.139,0.32,0.288,0.297,0.926,0.192,0.215,0.693,0.359,0.32,0.262,0.303,0.705,0.615,0.441,0.423,0.881,0.625,0.536,0.227,0.341,0.143,0.764,0.149,0.501
2020-07-28,0.314,1.139,0.32,0.288,0.297,0.927,0.192,0.215,0.693,0.36,0.322,0.262,0.304,0.705,0.615,0.441,0.423,0.881,0.625,0.536,0.227,0.341,0.143,0.765,0.149,0.501
2020-07-29,0.314,1.142,0.329,0.288,0.297,0.928,0.192,0.215,0.707,0.36,0.333,0.262,0.307,0.705,0.615,0.441,0.425,0.881,0.626,0.536,0.227,0.342,0.143,0.766,0.15,0.5
2020-07-30,0.314,1.142,0.329,0.289,0.298,0.929,0.192,0.215,0.714,0.36,0.334,0.262,0.308,0.705,0.616,0.441,0.425,0.881,0.626,0.536,0.227,0.342,0.143,0.766,0.15,0.5
2020-07-31,0.314,1.15,0.329,0.289,0.298,0.93,0.193,0.215,0.718,0.36,0.338,0.262,0.312,0.705,0.616,0.447,0.426,0.883,0.63,0.536,0.227,0.342,0.143,0.766,0.15,0.5
2020-08-01,0.314,1.15,0.329,0.289,0.299,0.931,0.193,0.215,0.72,0.36,0.36,0.262,0.312,0.705,0.616,0.447,0.426,0.883,0.631,0.536,0.227,0.342,0.143,0.766,0.15,0.5
2020-08-02,0.314,1.15,0.336,0.289,0.299,0.932,0.193,0.215,0.727,0.36,0.37,0.265,0.313,0.705,0.617,0.447,0.426,0.883,0.637,0.536,0.229,0.342,0.143,0.767,0.15,0.5
2020-08-03,0.314,1.153,0.336,0.289,0.299,0.932,0.193,0.215,0.742,0.36,0.371,0.265,0.313,0.705,0.617,0.447,0.426,0.883,0.637,0.536,0.23,0.342,0.143,0.767,0.15,0.5
2020-08-04,0.316,1.153,0.336,0.29,0.302,0.932,0.193,0.215,0.747,0.36,0.371,0.265,0.315,0.705,0.618,0.447,0.428,0.883,0.641,0.536,0.233,0.342,0.143,0.767,0.157,0.501
2020-08-05,0.316,1.153,0.337,0.29,0.303,0.933,0.193,0.215,0.755,0.36,0.38,0.265,0.316,0.705,0.618,0.447,0.428,0.883,0.671,0.536,0.233,0.342,0.143,0.767,0.158,0.501
2020-08-06,0.318,1.155,0.337,0.29,0.305,0.933,0.193,0.215,0.771,0.361,0.385,0.265,0.318,0.705,0.62,0.447,0.43,0.885,0.705,0.536,0.233,0.342,0.143,0.768,0.162,0.502
2020-08-07,0.325,1.157,0.339,0.291,0.306,0.935,0.194,0.215,0.82,0.362,0.386,0.265,0.318,0.705,0.62,0.447,0.433,0.885,0.714,0.538,0.233,0.342,0.143,0.768,0.163,0.503
2020-08-08,0.325,1.157,0.339,0.291,0.309,0.936,0.194,0.215,0.829,0.362,0.4,0.265,0.318,0.705,0.62,0.447,0.433,0.885,0.734,0.538,0.233,0.342,0.143,0.768,0.163,0.503
