X,Y,Date,ConfirmedCovidCases,TotalConfirmedCovidCases,ConfirmedCovidDeaths,TotalCovidDeaths,StatisticsProfileDate,CovidCasesConfirmed,HospitalisedCovidCases,RequiringICUCovidCases,HealthcareWorkersCovidCases,ClustersNotified,HospitalisedAged5,HospitalisedAged5to14,HospitalisedAged15to24,HospitalisedAged25to34,HospitalisedAged35to44,HospitalisedAged45to54,HospitalisedAged55to64,HospitalisedAged65up,Male,Female,Unknown,Aged1,Aged1to4,Aged5to14,Aged15to24,Aged25to34,Aged35to44,Aged45to54,Aged55to64,Aged65up,Median_Age,CommunityTransmission,CloseContact,TravelAbroad,FID
-856335.869598373,7036492.39571864,2020-02-29,1,1,0,0,2020-02-27,0.0,0.0,0.0,0.0,0.0,0.0,0.0,0.0,0.0,0.0,0.0,0.0,0.0,0.0,0.0,0.0,0.0,0.0,0.0,0.0,0.0,0.0,0.0,0.0,0.0,0.0,0.0,0.0,0.0,1
-856335.869598373,7036492.39571864,2020-03-03,1,2,0,0,2020-03-01,0.0,0.0,0.0,0.0,0.0,0.0,0.0,0.0,0.0,0.0,0.0,0.0,0.0,0.0,0.0,0.0,0.0,0.0,0.0,0.0,0.0,0.0,0.0,0.0,0.0,0.0,0.0,0.0,0.0,2
-856335.869598373,7036492.39571864,2020-03-04,4,6,0,0,2020-03-02,0.0,0.0,0.0,0.0,0.0,0.0,0.0,0.0,0.0,0.0,0.0,0.0,0.0,0.0,0.0,0.0,0.0,0.0,0.0,0.0,0.0,0.0,0.0,0.0,0.0,0.0,0.0,0.0,0.0,3
-856335.869598373,7036492.39571864,2020-03-05,7,13,0,0,2020-03-03,0.0,0.0,0.0,0.0,0.0,0.0,0.0,0.0,0.0,0.0,0.0,0.0,0.0,0.0,0.0,0.0,0.0,0.0,0.0,0.0,0.0,0.0,0.0,0.0,0.0,0.0,0.0,0.0,0.0,4
-856335.869598373,7036492.39571864,2020-03-06,5,18,0,0,2020-03-04,0.0,0.0,0.0,0.0,0.0,0.0,0.0,0.0,0.0,0.0,0.0,0.0,0.0,0.0,0.0,0.0,0.0,0.0,0.0,0.0,0.0,0.0,0.0,0.0,0.0,0.0,0.0,0.0,0.0,5
-856335.869598373,7036492.39571864,2020-03-07,1,19,0,0,2020-03-05,0.0,0.0,0.0,0.0,0.0,0.0,0.0,0.0,0.0,0.0,0.0,0.0,0.0,0.0,0.0,0.0,0.0,0.0,0.0,0.0,0.0,0.0,0.0,0.0,0.0,0.0,0.0,0.0,0.0,6
-856335.869598373,7036492.39571864,2020-03-08,2,21,0,0,2020-03-06,0.0,0.0,0.0,0.0,0.0,0.0,0.0,0.0,0.0,0.0,0.0,0.0,0.0,0.0,0.0,0.0,0.0,0.0,0.0,0.0,0.0,0.0,0.0,0.0,0.0,0.0,0.0,0.0,0.0,7
-856335.869598373,7036492.39571864,2020-03-09,3,24,0,0,2020-03-07,0.0,0.0,0.0,0.0,0.0,0.0,0.0,0.0,0.0,0.0,0.0,0.0,0.0,0.0,0.0,0.0,0.0,0.0,0.0,0.0,0.0,0.0,0.0,0.0,0.0,0.0,0.0,0.0,0.0,8
-856335.869598373,7036492.39571864,2020-03-10,10,34,0,0,2020-03-08,0.0,0.0,0.0,0.0,0.0,0.0,0.0,0.0,0.0,0.0,0.0,0.0,0.0,0.0,0.0,0.0,0.0,0.0,0.0,0.0,0.0,0.0,0.0,0.0,0.0,0.0,0.0,0.0,0.0,9
-856335.869598373,7036492.39571864,2020-03-11,9,43,1,1,2020-03-09,0.0,0.0,0.0,0.0,0.0,0.0,0.0,0.0,0.0,0.0,0.0,0.0,0.0,0.0,0.0,0.0,0.0,0.0,0.0,0.0,0.0,0.0,0.0,0.0,0.0,0.0,0.0,0.0,0.0,10
-856335.869598373,7036492.39571864,2020-03-12,27,70,0,1,2020-03-10,0.0,0.0,0.0,0.0,0.0,0.0,0.0,0.0,0.0,0.0,0.0,0.0,0.0,0.0,0.0,0.0,0.0,0.0,0.0,0.0,0.0,0.0,0.0,0.0,0.0,0.0,0.0,0.0,0.0,11
-856335.869598373,7036492.39571864,2020-03-13,20,90,0,1,2020-03-11,0.0,0.0,0.0,0.0,0.0,0.0,0.0,0.0,0.0,0.0,0.0,0.0,0.0,0.0,0.0,0.0,0.0,0.0,0.0,0.0,0.0,0.0,0.0,0.0,0.0,0.0,0.0,0.0,0.0,12
-856335.869598373,7036492.39571864,2020-03-14,39,129,1,2,2020-03-12,0.0,0.0,0.0,0.0,0.0,0.0,0.0,0.0,0.0,0.0,0.0,0.0,0.0,0.0,0.0,0.0,0.0,0.0,0.0,0.0,0.0,0.0,0.0,0.0,0.0,0.0,0.0,0.0,0.0,13
-856335.869598373,7036492.39571864,2020-03-15,40,169,0,2,2020-03-13,0.0,0.0,0.0,0.0,0.0,0.0,0.0,0.0,0.0,0.0,0.0,0.0,0.0,0.0,0.0,0.0,0.0,0.0,0.0,0.0,0.0,0.0,0.0,0.0,0.0,0.0,0.0,0.0,0.0,14
-856335.869598373,7036492.39571864,2020-03-16,54,223,0,2,2020-03-14,0.0,0.0,0.0,0.0,0.0,0.0,0.0,0.0,0.0,0.0,0.0,0.0,0.0,0.0,0.0,0.0,0.0,0.0,0.0,0.0,0.0,0.0,0.0,0.0,0.0,0.0,0.0,0.0,0.0,15
-856335.869598373,7036492.39571864,2020-03-17,69,292,0,2,2020-03-15,0.0,0.0,0.0,0.0,0.0,0.0,0.0,0.0,0.0,0.0,0.0,0.0,0.0,0.0,0.0,0.0,0.0,0.0,0.0,0.0,0.0,0.0,0.0,0.0,0.0,0.0,0.0,0.0,0.0,16
-856335.869598373,7036492.39571864,2020-03-18,74,366,0,2,2020-03-16,271.0,84.0,6.0,59.0,23.0,0.0,0.0,0.0,0.0,0.0,0.0,0.0,0.0,0.0,0.0,0.0,1.0,0.0,4.0,28.0,48.0,62.0,40.0,46.0,42.0,0.0,27.0,21.0,52.0,17
-856335.869598373,7036492.39571864,2020-03-19,191,557,1,3,2020-03-17,350.0,108.0,7.0,84.0,26.0,0.0,0.0,0.0,0.0,0.0,0.0,0.0,0.0,0.0,0.0,0.0,1.0,1.0,8.0,38.0,64.0,78.0,49.0,54.0,57.0,43.0,35.0,21.0,43.0,18
-856335.869598373,7036492.39571864,2020-03-20,126,683,0,3,2020-03-18,438.0,140.0,12.0,114.0,27.0,1.0,2.0,9.0,16.0,15.0,11.0,23.0,31.0,241.0,189.0,7.0,1.0,1.0,9.0,47.0,78.0,96.0,62.0,69.0,75.0,44.0,40.0,21.0,39.0,19
-856335.869598373,7036492.39571864,2020-03-21,102,785,0,3,2020-03-19,584.0,173.0,13.0,147.0,29.0,2.0,1.0,9.0,24.0,18.0,28.0,31.0,60.0,320.0,257.0,7.0,2.0,2.0,10.0,56.0,110.0,121.0,95.0,85.0,102.0,44.0,42.0,23.0,35.0,20
-856335.869598373,7036492.39571864,2020-03-22,121,906,1,4,2020-03-20,712.0,211.0,17.0,159.0,35.0,2.0,2.0,13.0,27.0,22.0,40.0,34.0,71.0,393.0,311.0,8.0,3.0,2.0,12.0,63.0,127.0,149.0,132.0,101.0,122.0,44.0,44.0,23.0,33.0,21
-856335.869598373,7036492.39571864,2020-03-23,219,1125,2,6,2020-03-21,836.0,239.0,25.0,208.0,37.0,2.0,2.0,14.0,31.0,26.0,42.0,37.0,85.0,460.0,369.0,7.0,3.0,2.0,16.0,69.0,166.0,165.0,158.0,117.0,139.0,44.0,43.0,24.0,33.0,22
-856335.869598373,7036492.39571864,2020-03-24,204,1329,1,7,2020-03-22,965.0,277.0,36.0,247.0,44.0,2.0,2.0,15.0,36.0,26.0,52.0,43.0,101.0,534.0,431.0,0.0,3.0,2.0,17.0,77.0,189.0,183.0,191.0,136.0,165.0,45.0,45.0,24.0,31.0,23
-856335.869598373,7036492.39571864,2020-03-25,235,1564,2,9,2020-03-23,1146.0,305.0,39.0,283.0,63.0,2.0,2.0,15.0,38.0,27.0,57.0,50.0,114.0,642.0,522.0,0.0,3.0,2.0,20.0,94.0,228.0,214.0,229.0,165.0,207.0,45.0,47.0,24.0,29.0,24
-856335.869598373,7036492.39571864,2020-03-26,255,1819,10,19,2020-03-24,1383.0,340.0,47.0,321.0,66.0,2.0,2.0,16.0,38.0,29.0,64.0,56.0,133.0,753.0,630.0,0.0,3.0,5.0,22.0,111.0,264.0,246.0,280.0,280.0,252.0,46.0,47.0,24.0,29.0,25
-856335.869598373,7036492.39571864,2020-03-27,302,2121,3,22,2020-03-25,1639.0,419.0,59.0,375.0,79.0,3.0,3.0,17.0,45.0,40.0,70.0,71.0,169.0,879.0,760.0,6.0,3.0,7.0,25.0,123.0,310.0,305.0,320.0,233.0,307.0,46.0,51.0,23.0,26.0,26
-856335.869598373,7036492.39571864,2020-03-28,294,2415,14,36,2020-03-26,1904.0,489.0,67.0,445.0,91.0,3.0,3.0,18.0,48.0,45.0,85.0,76.0,210.0,1010.0,888.0,6.0,4.0,10.0,25.0,136.0,358.0,353.0,368.0,271.0,373.0,46.0,50.0,23.0,27.0,27
-856335.869598373,7036492.39571864,2020-03-29,200,2615,10,46,2020-03-27,2216.0,564.0,77.0,506.0,103.0,3.0,3.0,19.0,52.0,51.0,98.0,88.0,249.0,1140.0,1060.0,16.0,4.0,11.0,29.0,155.0,408.0,416.0,432.0,314.0,441.0,47.0,51.0,25.0,24.0,28
-856335.869598373,7036492.39571864,2020-03-30,295,2910,8,54,2020-03-28,2475.0,645.0,84.0,578.0,111.0,3.0,3.0,21.0,57.0,61.0,107.0,101.0,290.0,1240.0,1206.0,29.0,4.0,11.0,29.0,171.0,448.0,467.0,467.0,360.0,511.0,47.0,50.0,27.0,23.0,29
-856335.869598373,7036492.39571864,2020-03-31,325,3235,17,71,2020-03-29,2677.0,703.0,113.0,674.0,118.0,4.0,3.0,22.0,61.0,66.0,116.0,108.0,321.0,1321.0,1320.0,36.0,6.0,11.0,30.0,178.0,477.0,503.0,504.0,398.0,563.0,47.0,51.0,26.0,23.0,30
-856335.869598373,7036492.39571864,2020-04-01,212,3447,14,85,2020-03-30,2990.0,834.0,126.0,752.0,134.0,6.0,3.0,26.0,69.0,76.0,134.0,130.0,388.0,1494.0,1457.0,39.0,8.0,11.0,30.0,194.0,519.0,550.0,558.0,440.0,673.0,48.0,51.0,29.0,20.0,31
-856335.869598373,7036492.39571864,2020-04-02,402,3849,13,98,2020-03-31,3282.0,932.0,134.0,841.0,160.0,6.0,4.0,29.0,77.0,85.0,152.0,145.0,432.0,1661.0,1572.0,49.0,8.0,11.0,30.0,216.0,564.0,617.0,608.0,480.0,739.0,48.0,59.0,23.0,18.0,32
-856335.869598373,7036492.39571864,2020-04-03,424,4273,22,120,2020-04-01,3655.0,1039.0,148.0,948.0,171.0,6.0,4.0,32.0,81.0,94.0,163.0,160.0,497.0,1752.0,1860.0,43.0,8.0,12.0,30.0,235.0,618.0,685.0,690.0,537.0,831.0,48.0,61.0,23.0,16.0,33
-856335.869598373,7036492.39571864,2020-04-04,331,4604,17,137,2020-04-02,4014.0,1118.0,158.0,1084.0,206.0,6.0,4.0,34.0,83.0,101.0,174.0,174.0,540.0,1909.0,2080.0,25.0,9.0,12.0,33.0,255.0,678.0,751.0,764.0,584.0,918.0,48.0,62.0,23.0,15.0,34
-856335.869598373,7036492.39571864,2020-04-05,390,4994,21,158,2020-04-03,4443.0,1203.0,165.0,1163.0,236.0,7.0,4.0,35.0,88.0,106.0,183.0,185.0,593.0,2072.0,2335.0,36.0,11.0,13.0,35.0,270.0,748.0,808.0,830.0,647.0,1070.0,48.0,63.0,24.0,13.0,35
-856335.869598373,7036492.39571864,2020-04-06,370,5364,16,174,2020-04-04,4916.0,1265.0,169.0,1263.0,260.0,3.0,7.0,35.0,93.0,111.0,188.0,191.0,635.0,2235.0,2633.0,48.0,11.0,13.0,36.0,287.0,820.0,902.0,907.0,697.0,1229.0,49.0,65.0,23.0,12.0,36
-856335.869598373,7036492.39571864,2020-04-07,345,5709,36,210,2020-04-05,5593.0,1345.0,194.0,1388.0,270.0,7.0,3.0,36.0,96.0,116.0,201.0,207.0,677.0,2594.0,2946.0,53.0,12.0,18.0,39.0,347.0,948.0,1044.0,1048.0,794.0,1326.0,48.0,67.0,22.0,11.0,37
-856335.869598373,7036492.39571864,2020-04-08,365,6074,25,235,2020-04-06,5981.0,1472.0,224.0,1568.0,299.0,7.0,4.0,37.0,102.0,127.0,224.0,230.0,739.0,2757.0,3154.0,70.0,12.0,18.0,42.0,364.0,1010.0,1111.0,1118.0,847.0,1442.0,48.0,67.0,23.0,10.0,38
-856335.869598373,7036492.39571864,2020-04-09,500,6574,28,263,2020-04-07,6444.0,1521.0,230.0,1765.0,317.0,9.0,4.0,37.0,103.0,130.0,231.0,237.0,768.0,2923.0,3425.0,96.0,14.0,19.0,43.0,384.0,1103.0,1176.0,1219.0,922.0,1544.0,48.0,67.0,24.0,9.0,39
-856335.869598373,7036492.39571864,2020-04-10,480,7054,25,287,2020-04-08,7071.0,1631.0,244.0,1949.0,339.0,10.0,4.0,39.0,115.0,137.0,249.0,256.0,819.0,3211.0,3788.0,72.0,16.0,20.0,45.0,423.0,1220.0,1304.0,1339.0,1015.0,1670.0,48.0,66.0,25.0,9.0,40
-856335.869598373,7036492.39571864,2020-04-11,553,8928,33,320,2020-04-09,7787.0,1718.0,253.0,2141.0,356.0,10.0,4.0,41.0,119.0,144.0,256.0,271.0,871.0,3489.0,4212.0,86.0,18.0,22.0,52.0,473.0,1343.0,1418.0,1479.0,1138.0,1825.0,48.0,66.0,26.0,8.0,41
-856335.869598373,7036492.39571864,2020-04-12,430,9655,14,334,2020-04-10,8496.0,1777.0,261.0,2312.0,382.0,10.0,5.0,43.0,123.0,146.0,263.0,279.0,906.0,3783.0,4616.0,97.0,18.0,27.0,56.0,528.0,1479.0,1558.0,1609.0,1251.0,1951.0,48.0,67.0,26.0,7.0,42
-856335.869598373,7036492.39571864,2020-04-13,527,10647,31,365,2020-04-11,9484.0,1849.0,268.0,2489.0,401.0,11.0,5.0,44.0,125.0,150.0,272.0,287.0,953.0,4225.0,5115.0,144.0,19.0,29.0,67.0,598.0,1647.0,1757.0,1812.0,1411.0,2123.0,48.0,66.0,27.0,7.0,43
-856335.869598373,7036492.39571864,2020-04-14,548,11479,41,406,2020-04-12,10385.0,1903.0,275.0,2707.0,408.0,12.0,5.0,43.0,127.0,154.0,278.0,293.0,989.0,4617.0,5629.0,139.0,22.0,34.0,81.0,674.0,1805.0,1927.0,1983.0,1522.0,2316.0,48.0,66.0,27.0,7.0,44
-856335.869598373,7036492.39571864,2020-04-15,657,12547,38,444,2020-04-13,11261.0,1968.0,280.0,2872.0,413.0,13.0,4.0,43.0,130.0,159.0,288.0,301.0,1028.0,5021.0,6140.0,100.0,25.0,36.0,96.0,737.0,1950.0,2084.0,2157.0,1637.0,2520.0,48.0,52.0,42.0,6.0,45
-856335.869598373,7036492.39571864,2020-04-16,629,13271,43,486,2020-04-14,12425.0,2026.0,284.0,3090.0,425.0,13.0,4.0,43.0,132.0,164.0,298.0,308.0,1062.0,5536.0,6778.0,111.0,28.0,44.0,124.0,809.0,2145.0,2315.0,2395.0,1806.0,2739.0,48.0,51.0,43.0,6.0,46
-856335.869598373,7036492.39571864,2020-04-17,597,13980,44,530,2020-04-15,13012.0,2082.0,294.0,3347.0,436.0,13.0,5.0,44.0,134.0,168.0,304.0,318.0,1094.0,5773.0,7117.0,122.0,27.0,44.0,136.0,846.0,2231.0,2415.0,2502.0,1902.0,2889.0,48.0,52.0,42.0,6.0,47
-856335.869598373,7036492.39571864,2020-04-18,630,14758,41,571,2020-04-16,13746.0,2168.0,296.0,3573.0,454.0,13.0,6.0,47.0,135.0,177.0,314.0,330.0,1144.0,6048.0,7568.0,130.0,28.0,48.0,142.0,892.0,2329.0,2522.0,2659.0,2010.0,3094.0,48.0,52.0,43.0,5.0,48
-856335.869598373,7036492.39571864,2020-04-19,445,15251,39,610,2020-04-17,14602.0,2233.0,303.0,3788.0,472.0,13.0,7.0,50.0,139.0,183.0,320.0,343.0,1176.0,6397.0,8060.0,145.0,28.0,50.0,154.0,953.0,2467.0,2659.0,2825.0,2122.0,3320.0,48.0,66.0,32.0,5.0,49
-856335.869598373,7036492.39571864,2020-04-20,401,15652,77,687,2020-04-18,15185.0,2272.0,306.0,4009.0,478.0,13.0,7.0,50.0,143.0,188.0,322.0,349.0,1198.0,6603.0,8433.0,149.0,30.0,54.0,161.0,1000.0,2557.0,2744.0,2943.0,2184.0,3488.0,48.0,62.0,41.0,4.0,50
-856335.869598373,7036492.39571864,2020-04-21,388,16040,44,730,2020-04-19,15464.0,2323.0,315.0,4180.0,491.0,13.0,8.0,51.0,147.0,194.0,326.0,356.0,1226.0,6708.0,8595.0,161.0,29.0,54.0,162.0,1009.0,2580.0,2781.0,2972.0,2207.0,3646.0,48.0,60.0,35.0,5.0,51
-856335.869598373,7036492.39571864,2020-04-22,631,16671,49,769,2020-04-20,15871.0,2387.0,322.0,4393.0,507.0,13.0,8.0,52.0,150.0,198.0,330.0,366.0,1267.0,6909.0,8906.0,56.0,28.0,58.0,169.0,1039.0,2635.0,2843.0,3039.0,2254.0,3782.0,48.0,61.0,35.0,4.0,52
-856335.869598373,7036492.39571864,2020-04-23,936,17607,28,794,2020-04-21,16439.0,2424.0,331.0,4545.0,522.0,13.0,8.0,51.0,151.0,201.0,334.0,372.0,1291.0,9272.0,7105.0,62.0,28.0,61.0,174.0,1071.0,2712.0,2929.0,3125.0,2311.0,4004.0,48.0,52.0,44.0,4.0,53
-856335.869598373,7036492.39571864,2020-04-24,577,18184,37,1014,2020-04-22,17420.0,2486.0,338.0,4713.0,548.0,14.0,8.0,53.0,155.0,210.0,343.0,379.0,1321.0,7457.0,9893.0,70.0,30.0,62.0,177.0,1130.0,2838.0,3041.0,3280.0,2408.0,4431.0,49.0,49.0,47.0,4.0,54
-856335.869598373,7036492.39571864,2020-04-25,377,18561,42,1063,2020-04-23,17975.0,2536.0,344.0,4847.0,567.0,14.0,8.0,53.0,157.0,216.0,345.0,385.0,1028.0,7656.0,10261.0,58.0,30.0,63.0,181.0,1161.0,2904.0,3119.0,3346.0,2462.0,4685.0,49.0,63.0,33.0,4.0,55
-856335.869598373,7036492.39571864,2020-04-26,701,19262,26,1087,2020-04-24,18431.0,2576.0,349.0,5064.0,601.0,14.0,8.0,53.0,156.0,218.0,350.0,392.0,1382.0,7797.0,10570.0,64.0,30.0,63.0,184.0,1193.0,2977.0,3181.0,3403.0,2513.0,4862.0,49.0,63.0,33.0,4.0,56
-856335.869598373,7036492.39571864,2020-04-27,386,19648,18,1102,2020-04-25,19095.0,2624.0,353.0,5204.0,604.0,14.0,8.0,54.0,160.0,226.0,352.0,396.0,1412.0,8051.0,10963.0,81.0,33.0,64.0,190.0,1236.0,3069.0,3285.0,3526.0,2566.0,5101.0,49.0,64.0,33.0,3.0,57
-856335.869598373,7036492.39571864,2020-04-28,229,19877,59,1159,2020-04-26,19383.0,2638.0,358.0,5414.0,608.0,14.0,8.0,54.0,159.0,228.0,353.0,401.0,1418.0,8152.0,11179.0,52.0,33.0,64.0,193.0,1262.0,3096.0,3319.0,3567.0,2586.0,5239.0,49.0,63.0,34.0,3.0,58
-856335.869598373,7036492.39571864,2020-04-29,376,20253,31,1190,2020-04-27,19823.0,2669.0,355.0,5568.0,620.0,15.0,8.0,55.0,167.0,228.0,356.0,406.0,1432.0,8287.0,11379.0,57.0,34.0,64.0,196.0,1295.0,3149.0,3376.0,3632.0,2620.0,5334.0,49.0,63.0,34.0,3.0,59
-856335.869598373,7036492.39571864,2020-04-30,359,20612,43,1232,2020-04-28,20111.0,2706.0,360.0,5684.0,630.0,15.0,8.0,55.0,170.0,231.0,360.0,406.0,1459.0,8427.0,11625.0,59.0,34.0,65.0,201.0,1323.0,3201.0,3438.0,3698.0,2665.0,5460.0,49.0,64.0,33.0,3.0,60
-856335.869598373,7036492.39571864,2020-05-01,221,20833,34,1265,2020-04-29,20510.0,2768.0,367.0,5840.0,646.0,16.0,8.0,56.0,173.0,232.0,368.0,416.0,1496.0,8605.0,11841.0,64.0,35.0,66.0,205.0,1363.0,3271.0,3491.0,3752.0,2706.0,5596.0,49.0,66.0,33.0,3.0,61
-856335.869598373,7036492.39571864,2020-05-02,343,21176,25,1286,2020-04-30,20742.0,2785.0,368.0,5973.0,676.0,16.0,8.0,56.0,173.0,232.0,373.0,415.0,1509.0,8695.0,11979.0,68.0,35.0,66.0,206.0,1383.0,3314.0,3532.0,3803.0,2736.0,5642.0,49.0,63.0,34.0,3.0,62
-856335.869598373,7036492.39571864,2020-05-03,330,21506,19,1303,2020-05-01,21064.0,2825.0,363.0,6068.0,694.0,18.0,11.0,58.0,174.0,235.0,381.0,422.0,1524.0,8841.0,12166.0,57.0,38.0,69.0,215.0,1417.0,3373.0,3588.0,3858.0,2772.0,5711.0,49.0,63.0,34.0,3.0,63
-856335.869598373,7036492.39571864,2020-05-04,266,21772,16,1319,2020-05-02,21437.0,2840.0,364.0,6211.0,703.0,18.0,12.0,58.0,176.0,236.0,383.0,423.0,1532.0,9045.0,12334.0,58.0,39.0,70.0,223.0,1460.0,3463.0,3667.0,3918.0,2816.0,5758.0,49.0,63.0,34.0,3.0,64
-856335.869598373,7036492.39571864,2020-05-05,211,21983,23,1339,2020-05-03,21659.0,2879.0,369.0,6293.0,706.0,18.0,13.0,59.0,179.0,240.0,389.0,424.0,1555.0,9151.0,12446.0,62.0,39.0,72.0,230.0,1475.0,3496.0,3714.0,3956.0,2843.0,5810.0,49.0,62.0,35.0,3.0,65
-856335.869598373,7036492.39571864,2020-05-06,265,22248,37,1375,2020-05-04,21908.0,2878.0,373.0,6393.0,710.0,18.0,14.0,61.0,175.0,238.0,389.0,421.0,1560.0,9283.0,12562.0,63.0,39.0,75.0,230.0,1495.0,3556.0,3766.0,3996.0,2866.0,5855.0,49.0,62.0,35.0,3.0,66
-856335.869598373,7036492.39571864,2020-05-07,137,22385,29,1403,2020-05-05,22186.0,2891.0,376.0,6498.0,733.0,18.0,15.0,63.0,175.0,238.0,392.0,425.0,1563.0,9428.0,12696.0,62.0,40.0,77.0,241.0,1532.0,3618.0,3830.0,4039.0,2899.0,5885.0,49.0,62.0,35.0,3.0,67
-856335.869598373,7036492.39571864,2020-05-08,156,22541,27,1429,2020-05-06,22301.0,2915.0,373.0,6586.0,737.0,18.0,17.0,63.0,175.0,235.0,393.0,429.0,1583.0,9472.0,12765.0,64.0,40.0,77.0,243.0,1545.0,3635.0,3851.0,4065.0,2913.0,5907.0,49.0,61.0,36.0,3.0,68
-856335.869598373,7036492.39571864,2020-05-09,219,22760,18,1446,2020-05-07,22495.0,2954.0,381.0,6669.0,746.0,18.0,17.0,63.0,177.0,236.0,399.0,437.0,1605.0,9552.0,12879.0,64.0,40.0,77.0,245.0,1567.0,3673.0,3891.0,4087.0,2939.0,5950.0,49.0,61.0,36.0,3.0,69
-856335.869598373,7036492.39571864,2020-05-10,236,22996,12,1458,2020-05-08,22671.0,2986.0,383.0,6771.0,750.0,18.0,17.0,65.0,179.0,240.0,404.0,436.0,1625.0,9627.0,12980.0,64.0,40.0,77.0,252.0,1582.0,3707.0,3919.0,4111.0,2958.0,5997.0,49.0,61.0,36.0,3.0,70
-856335.869598373,7036492.39571864,2020-05-11,139,23135,15,1467,2020-05-09,22894.0,2998.0,383.0,6834.0,755.0,18.0,17.0,65.0,178.0,239.0,405.0,436.0,1638.0,9698.0,13129.0,67.0,42.0,79.0,258.0,1604.0,3745.0,3964.0,4148.0,2987.0,6041.0,49.0,61.0,36.0,3.0,71
-856335.869598373,7036492.39571864,2020-05-12,107,23242,24,1488,2020-05-10,23089.0,3031.0,386.0,6906.0,759.0,18.0,17.0,66.0,179.0,238.0,408.0,439.0,1664.0,9776.0,13249.0,64.0,42.0,79.0,260.0,1624.0,3777.0,3994.0,4172.0,3014.0,6101.0,49.0,61.0,36.0,3.0,72
-856335.869598373,7036492.39571864,2020-05-13,159,23401,10,1497,2020-05-11,23144.0,3050.0,389.0,6997.0,766.0,18.0,17.0,68.0,181.0,239.0,407.0,439.0,1679.0,9802.0,13282.0,60.0,43.0,79.0,263.0,1631.0,3792.0,4004.0,4186.0,3014.0,6107.0,48.0,60.0,37.0,3.0,73
-856335.869598373,7036492.39571864,2020-05-14,426,23827,10,1506,2020-05-12,23259.0,3053.0,387.0,7123.0,766.0,18.0,17.0,68.0,182.0,240.0,409.0,442.0,1675.0,9853.0,13338.0,68.0,43.0,82.0,266.0,1641.0,3822.0,4024.0,4203.0,3029.0,6124.0,48.0,60.0,37.0,3.0,74
-856335.869598373,7036492.39571864,2020-05-15,129,23956,16,1518,2020-05-13,23627.0,3062.0,387.0,7427.0,781.0,18.0,17.0,68.0,184.0,242.0,409.0,442.0,1680.0,10019.0,13559.0,49.0,43.0,85.0,266.0,1688.0,3936.0,4105.0,4276.0,3066.0,2138.0,48.0,61.0,37.0,2.0,75
-856335.869598373,7036492.39571864,2020-05-16,92,24048,15,1533,2020-05-14,23779.0,3094.0,389.0,7530.0,784.0,18.0,17.0,68.0,186.0,247.0,415.0,449.0,1692.0,10189.0,13681.0,49.0,43.0,85.0,267.0,1705.0,3995.0,4181.0,4316.0,3096.0,6167.0,48.0,60.0,37.0,3.0,76
-856335.869598373,7036492.39571864,2020-05-17,64,24112,10,1543,2020-05-15,23953.0,3117.0,389.0,7566.0,800.0,19.0,17.0,70.0,187.0,247.0,420.0,453.0,1712.0,10195.0,13709.0,49.0,43.0,87.0,270.0,1714.0,4015.0,4201.0,4329.0,3099.0,6171.0,48.0,60.0,37.0,3.0,77
-856335.869598373,7036492.39571864,2020-05-18,88,24200,4,1547,2020-05-16,24036.0,3127.0,391.0,7615.0,805.0,19.0,17.0,70.0,187.0,247.0,421.0,457.0,1707.0,10229.0,13768.0,39.0,44.0,88.0,270.0,1721.0,4043.0,4217.0,4339.0,3103.0,6187.0,48.0,60.0,37.0,3.0,78
-856335.869598373,7036492.39571864,2020-05-19,51,24251,16,1561,2020-05-17,24176.0,3143.0,390.0,7661.0,806.0,19.0,17.0,70.0,188.0,248.0,422.0,463.0,1714.0,10296.0,13841.0,39.0,44.0,90.0,275.0,1744.0,4066.0,4249.0,4357.0,3119.0,6208.0,48.0,60.0,37.0,3.0,79
-856335.869598373,7036492.39571864,2020-05-20,64,24315,11,1571,2020-05-18,24204.0,3164.0,393.0,7708.0,810.0,19.0,17.0,70.0,188.0,247.0,425.0,470.0,1725.0,10307.0,13859.0,38.0,44.0,91.0,277.0,1750.0,4069.0,4260.0,4361.0,3122.0,6206.0,48.0,60.0,38.0,2.0,80
-856335.869598373,7036492.39571864,2020-05-21,76,24391,12,1583,2020-05-19,24274.0,3183.0,392.0,7747.0,814.0,19.0,17.0,70.0,189.0,247.0,428.0,473.0,1737.0,10337.0,13899.0,38.0,44.0,93.0,278.0,1760.0,4083.0,4272.0,4371.0,3127.0,6222.0,48.0,60.0,38.0,2.0,81
-856335.869598373,7036492.39571864,2020-05-22,115,24506,11,1592,2020-05-20,24351.0,3194.0,393.0,7791.0,823.0,19.0,17.0,70.0,190.0,247.0,429.0,474.0,1745.0,10375.0,13936.0,40.0,44.0,93.0,281.0,1763.0,4093.0,4288.0,4380.0,3139.0,6246.0,48.0,60.0,38.0,2.0,82
-856335.869598373,7036492.39571864,2020-05-23,76,24582,13,1604,2020-05-21,24451.0,3211.0,393.0,7813.0,829.0,19.0,17.0,70.0,191.0,247.0,429.0,476.0,1759.0,10418.0,13996.0,37.0,44.0,97.0,288.0,1769.0,4112.0,4306.0,4401.0,3145.0,6265.0,48.0,60.0,38.0,2.0,83
-856335.869598373,7036492.39571864,2020-05-24,57,24639,4,1608,2020-05-22,24569.0,3222.0,394.0,7819.0,844.0,19.0,17.0,71.0,193.0,248.0,430.0,478.0,1763.0,10468.0,14064.0,37.0,44.0,101.0,291.0,1792.0,4135.0,4326.0,4415.0,3158.0,6283.0,48.0,59.0,38.0,3.0,84
-856335.869598373,7036492.39571864,2020-05-25,59,24698,0,1606,2020-05-23,24593.0,3225.0,394.0,7842.0,846.0,19.0,17.0,71.0,193.0,249.0,430.0,477.0,1766.0,10484.0,14070.0,39.0,45.0,101.0,292.0,1797.0,4138.0,4335.0,4418.0,3158.0,6284.0,48.0,59.0,38.0,3.0,85
-856335.869598373,7036492.39571864,2020-05-26,37,24735,9,1615,2020-05-24,24629.0,3233.0,395.0,7852.0,846.0,19.0,17.0,71.0,193.0,249.0,432.0,478.0,1771.0,10510.0,14081.0,38.0,45.0,102.0,294.0,1802.0,4139.0,4337.0,4428.0,3163.0,6294.0,48.0,59.0,38.0,3.0,86
-856335.869598373,7036492.39571864,2020-05-27,73,24803,17,1631,2020-05-25,24730.0,3251.0,399.0,7891.0,846.0,19.0,17.0,71.0,196.0,249.0,433.0,479.0,1784.0,10548.0,14145.0,37.0,45.0,103.0,297.0,1810.0,4162.0,4349.0,4444.0,3180.0,6315.0,48.0,40.0,58.0,2.0,87
-856335.869598373,7036492.39571864,2020-05-28,46,24841,9,1639,2020-05-26,24795.0,3267.0,404.0,7920.0,850.0,19.0,17.0,71.0,196.0,251.0,437.0,481.0,1792.0,10575.0,14186.0,34.0,45.0,105.0,304.0,1818.0,4168.0,4362.0,4454.0,3186.0,6329.0,48.0,40.0,58.0,2.0,88
-856335.869598373,7036492.39571864,2020-05-29,39,24876,6,1645,2020-05-27,24837.0,3270.0,404.0,7943.0,856.0,19.0,17.0,72.0,197.0,252.0,439.0,480.0,1792.0,10589.0,14214.0,34.0,45.0,106.0,305.0,1822.0,4176.0,4369.0,4463.0,3190.0,6337.0,48.0,40.0,58.0,2.0,89
-856335.869598373,7036492.39571864,2020-05-30,59,24929,9,1651,2020-05-28,24870.0,3279.0,408.0,7955.0,861.0,19.0,17.0,72.0,197.0,255.0,439.0,480.0,1797.0,10601.0,14235.0,34.0,46.0,107.0,307.0,1822.0,4177.0,4373.0,4471.0,3195.0,6349.0,48.0,40.0,58.0,2.0,90
-856335.869598373,7036492.39571864,2020-05-31,66,24990,2,1652,2020-05-29,24924.0,3283.0,408.0,7963.0,866.0,19.0,17.0,72.0,198.0,254.0,440.0,481.0,1799.0,10621.0,14269.0,34.0,46.0,107.0,309.0,1824.0,4185.0,4385.0,4476.0,3197.0,6372.0,48.0,39.0,59.0,2.0,91
-856335.869598373,7036492.39571864,2020-06-01,77,25062,1,1650,2020-05-30,24985.0,3286.0,408.0,7968.0,866.0,19.0,17.0,72.0,198.0,254.0,442.0,481.0,1800.0,10661.0,14289.0,35.0,46.0,108.0,310.0,1830.0,4197.0,4399.0,4488.0,3204.0,6380.0,48.0,39.0,58.0,2.0,92
-856335.869598373,7036492.39571864,2020-06-02,10,25066,8,1658,2020-05-31,25056.0,3292.0,408.0,7986.0,867.0,19.0,17.0,72.0,198.0,254.0,443.0,482.0,1804.0,10693.0,14332.0,31.0,47.0,109.0,318.0,1841.0,4205.0,4407.0,4502.0,3213.0,6391.0,48.0,39.0,58.0,2.0,93
-856335.869598373,7036492.39571864,2020-06-03,47,25111,3,1659,2020-06-01,25064.0,3298.0,409.0,8004.0,872.0,19.0,17.0,72.0,197.0,255.0,443.0,484.0,1808.0,10697.0,14336.0,31.0,47.0,109.0,318.0,1842.0,4207.0,4407.0,4503.0,3213.0,6395.0,48.0,39.0,59.0,2.0,94
-856335.869598373,7036492.39571864,2020-06-04,38,25142,5,1664,2020-06-02,25104.0,3311.0,410.0,8025.0,876.0,19.0,18.0,73.0,197.0,257.0,443.0,487.0,1814.0,10715.0,14358.0,31.0,47.0,109.0,319.0,1842.0,4209.0,4416.0,4511.0,3221.0,6407.0,48.0,39.0,59.0,2.0,95
-856335.869598373,7036492.39571864,2020-06-05,28,25163,7,1670,2020-06-03,25135.0,3312.0,410.0,8046.0,880.0,20.0,18.0,73.0,196.0,257.0,443.0,488.0,1814.0,10734.0,14370.0,31.0,47.0,109.0,319.0,1847.0,4211.0,4424.0,4522.0,3227.0,6404.0,48.0,39.0,59.0,2.0,96
-856335.869598373,7036492.39571864,2020-06-06,24,25183,9,1678,2020-06-04,25159.0,3319.0,410.0,8059.0,885.0,20.0,18.0,73.0,197.0,257.0,443.0,490.0,1818.0,10743.0,14384.0,32.0,49.0,111.0,321.0,1850.0,4216.0,4425.0,4524.0,3228.0,6411.0,48.0,39.0,59.0,2.0,97
-856335.869598373,7036492.39571864,2020-06-07,25,25201,1,1679,2020-06-05,25176.0,3321.0,409.0,8057.0,888.0,20.0,17.0,73.0,197.0,258.0,443.0,490.0,1820.0,10751.0,14393.0,32.0,49.0,112.0,320.0,1854.0,4219.0,4430.0,4527.0,3226.0,6416.0,48.0,39.0,59.0,2.0,98
-856335.869598373,7036492.39571864,2020-06-08,9,25207,4,1683,2020-06-06,25198.0,3322.0,411.0,8073.0,891.0,20.0,18.0,72.0,197.0,258.0,444.0,491.0,1819.0,10759.0,14406.0,33.0,49.0,113.0,321.0,1859.0,4222.0,4434.0,4530.0,3229.0,6417.0,48.0,39.0,59.0,2.0,99
-856335.869598373,7036492.39571864,2020-06-09,9,25215,9,1691,2020-06-07,25206.0,3331.0,413.0,8087.0,892.0,20.0,18.0,72.0,199.0,260.0,445.0,490.0,1825.0,10766.0,14408.0,32.0,49.0,112.0,321.0,1859.0,4224.0,4437.0,4533.0,3229.0,6419.0,48.0,38.0,59.0,2.0,100
-856335.869598373,7036492.39571864,2020-06-10,19,25231,5,1695,2020-06-08,25212.0,3321.0,411.0,8099.0,887.0,20.0,17.0,71.0,198.0,260.0,445.0,489.0,1819.0,10771.0,14409.0,32.0,49.0,112.0,320.0,1861.0,4223.0,4438.0,4535.0,3232.0,6419.0,48.0,38.0,60.0,2.0,101
-856335.869598373,7036492.39571864,2020-06-11,8,25238,8,1703,2020-06-09,25230.0,3307.0,412.0,8114.0,901.0,20.0,17.0,69.0,198.0,261.0,444.0,490.0,1806.0,10777.0,14421.0,32.0,49.0,113.0,320.0,1866.0,4226.0,4441.0,4538.0,3232.0,6422.0,48.0,38.0,60.0,2.0,102
-856335.869598373,7036492.39571864,2020-06-12,13,25250,3,1705,2020-06-10,25237.0,3275.0,415.0,8116.0,917.0,20.0,17.0,69.0,199.0,261.0,444.0,490.0,1773.0,10780.0,14425.0,32.0,50.0,113.0,320.0,1866.0,4228.0,4442.0,4539.0,3232.0,6424.0,48.0,38.0,60.0,2.0,103
-856335.869598373,7036492.39571864,2020-06-13,46,25295,5,1705,2020-06-11,25249.0,3276.0,416.0,8123.0,941.0,20.0,17.0,69.0,199.0,261.0,444.0,490.0,1774.0,10784.0,14434.0,31.0,50.0,115.0,320.0,1867.0,4230.0,4443.0,4540.0,3232.0,6429.0,48.0,37.0,60.0,2.0,104
-856335.869598373,7036492.39571864,2020-06-14,8,25303,1,1706,2020-06-12,25295.0,3279.0,416.0,8130.0,970.0,20.0,17.0,69.0,200.0,261.0,444.0,491.0,1775.0,10804.0,14460.0,31.0,51.0,116.0,323.0,1871.0,4239.0,4452.0,4548.0,3236.0,6436.0,48.0,37.0,60.0,2.0,105
-856335.869598373,7036492.39571864,2020-06-15,18,25321,0,1706,2020-06-13,25303.0,3278.0,417.0,8130.0,976.0,20.0,17.0,69.0,200.0,261.0,444.0,491.0,1774.0,10808.0,14465.0,30.0,51.0,116.0,323.0,1873.0,4241.0,4452.0,4549.0,3236.0,6439.0,48.0,37.0,60.0,2.0,106
-856335.869598373,7036492.39571864,2020-06-16,14,25334,3,1709,2020-06-14,25320.0,3282.0,418.0,8139.0,976.0,20.0,17.0,69.0,200.0,261.0,445.0,490.0,1778.0,10815.0,14475.0,30.0,52.0,117.0,324.0,1874.0,4242.0,4455.0,4553.0,3238.0,6442.0,48.0,37.0,60.0,2.0,107
-856335.869598373,7036492.39571864,2020-06-17,8,25341,3,1710,2020-06-15,25333.0,3278.0,417.0,8144.0,981.0,21.0,16.0,70.0,199.0,262.0,444.0,487.0,1777.0,10820.0,14483.0,30.0,52.0,118.0,324.0,1874.0,4243.0,4458.0,4557.0,3238.0,6446.0,48.0,37.0,60.0,2.0,108
-856335.869598373,7036492.39571864,2020-06-18,16,25355,4,1714,2020-06-16,25339.0,3282.0,417.0,8147.0,1005.0,21.0,16.0,70.0,199.0,262.0,445.0,487.0,1780.0,10822.0,14487.0,30.0,52.0,118.0,324.0,1875.0,4244.0,4459.0,4558.0,3239.0,6447.0,48.0,37.0,61.0,2.0,109
-856335.869598373,7036492.39571864,2020-06-19,13,25368,2,1714,2020-06-17,25355.0,3286.0,416.0,8154.0,1031.0,21.0,16.0,70.0,200.0,262.0,445.0,488.0,1782.0,10831.0,14494.0,30.0,52.0,118.0,325.0,1877.0,4248.0,4462.0,4561.0,3240.0,6449.0,48.0,37.0,61.0,2.0,110
-856335.869598373,7036492.39571864,2020-06-20,22,25374,2,1715,2020-06-18,25352.0,3280.0,419.0,8152.0,1033.0,21.0,16.0,70.0,197.0,263.0,443.0,488.0,1780.0,10835.0,14487.0,30.0,52.0,118.0,326.0,1878.0,4249.0,4464.0,4557.0,3240.0,6446.0,48.0,37.0,61.0,2.0,111
-856335.869598373,7036492.39571864,2020-06-21,6,25379,0,1715,2020-06-19,25373.0,3282.0,419.0,8158.0,1036.0,21.0,16.0,70.0,197.0,263.0,444.0,488.0,1781.0,10845.0,14498.0,30.0,52.0,118.0,326.0,1883.0,4253.0,4467.0,4559.0,3243.0,6450.0,48.0,37.0,61.0,2.0,112
-856335.869598373,7036492.39571864,2020-06-22,4,25383,2,1717,2020-06-20,25379.0,3284.0,431.0,8161.0,1069.0,21.0,16.0,70.0,197.0,264.0,444.0,489.0,1781.0,10847.0,14502.0,30.0,52.0,118.0,326.0,1883.0,4254.0,4469.0,4560.0,3243.0,6452.0,48.0,36.0,61.0,2.0,113
-856335.869598373,7036492.39571864,2020-06-23,10,25391,3,1720,2020-06-21,25381.0,3285.0,434.0,8172.0,1100.0,21.0,16.0,70.0,197.0,264.0,444.0,489.0,1782.0,10849.0,14502.0,30.0,52.0,118.0,326.0,1884.0,4255.0,4468.0,4562.0,3243.0,6451.0,48.0,36.0,62.0,2.0,114
-856335.869598373,7036492.39571864,2020-06-24,5,25396,6,1726,2020-06-22,25391.0,3292.0,434.0,8177.0,1212.0,21.0,16.0,70.0,197.0,265.0,445.0,490.0,1786.0,10853.0,14508.0,30.0,52.0,118.0,327.0,1884.0,4256.0,4471.0,4562.0,3247.0,6452.0,48.0,36.0,62.0,2.0,115
-856335.869598373,7036492.39571864,2020-06-25,11,25405,1,1727,2020-06-23,25394.0,3293.0,433.0,8178.0,1321.0,21.0,16.0,70.0,196.0,265.0,444.0,490.0,1789.0,10855.0,14509.0,30.0,52.0,118.0,327.0,1884.0,4256.0,4471.0,4562.0,3247.0,6455.0,48.0,35.0,62.0,2.0,116
-856335.869598373,7036492.39571864,2020-06-26,11,25414,3,1730,2020-06-24,25403.0,3293.0,434.0,8185.0,1339.0,21.0,16.0,69.0,196.0,265.0,443.0,492.0,1789.0,10858.0,14515.0,30.0,52.0,118.0,327.0,1885.0,4257.0,4472.0,4562.0,3249.0,6459.0,48.0,35.0,63.0,2.0,117
-856335.869598373,7036492.39571864,2020-06-27,23,25437,6,1734,2020-06-25,25403.0,3293.0,434.0,8185.0,1339.0,21.0,16.0,69.0,196.0,265.0,443.0,492.0,1789.0,10858.0,14515.0,30.0,52.0,118.0,327.0,1885.0,4257.0,4472.0,4562.0,3249.0,6459.0,48.0,35.0,63.0,2.0,118
-856335.869598373,7036492.39571864,2020-06-28,1,25438,1,1735,2020-06-26,25403.0,3293.0,434.0,8185.0,1339.0,21.0,16.0,69.0,196.0,265.0,443.0,492.0,1789.0,10858.0,14515.0,30.0,52.0,118.0,327.0,1885.0,4257.0,4472.0,4562.0,3249.0,6459.0,48.0,35.0,63.0,2.0,119
-856335.869598373,7036492.39571864,2020-06-29,24,25462,0,1735,2020-06-27,25438.0,3293.0,435.0,8201.0,1429.0,21.0,16.0,69.0,196.0,265.0,444.0,492.0,1788.0,10876.0,14532.0,30.0,52.0,119.0,327.0,1891.0,4268.0,4480.0,4567.0,3249.0,6463.0,48.0,35.0,63.0,2.0,120
-856335.869598373,7036492.39571864,2020-06-30,11,25473,1,1736,2020-06-28,25462.0,3295.0,434.0,8208.0,1429.0,21.0,16.0,69.0,196.0,266.0,444.0,492.0,1789.0,10882.0,14550.0,30.0,53.0,119.0,327.0,1894.0,4273.0,4483.0,4570.0,3251.0,6470.0,48.0,35.0,63.0,2.0,121
-856335.869598373,7036492.39571864,2020-07-01,6,25477,3,1738,2020-06-29,25471.0,3298.0,434.0,8215.0,1687.0,21.0,16.0,71.0,196.0,266.0,444.0,492.0,1789.0,10887.0,14554.0,30.0,53.0,119.0,328.0,1896.0,4277.0,4484.0,4572.0,3251.0,6470.0,48.0,35.0,63.0,2.0,122
-856335.869598373,7036492.39571864,2020-07-02,15,25489,5,1738,2020-06-29,25471.0,3298.0,434.0,8215.0,1687.0,21.0,16.0,71.0,196.0,266.0,444.0,492.0,1789.0,10887.0,14554.0,30.0,53.0,119.0,328.0,1896.0,4277.0,4484.0,4572.0,3251.0,6470.0,48.0,35.0,63.0,2.0,123
-856335.869598373,7036492.39571864,2020-07-03,9,25498,2,1740,2020-07-01,25489.0,3307.0,436.0,8219.0,1772.0,21.0,16.0,72.0,197.0,267.0,446.0,492.0,1794.0,10894.0,14565.0,30.0,52.0,119.0,328.0,1901.0,4283.0,4484.0,4576.0,3253.0,6471.0,48.0,33.0,64.0,2.0,124
-856335.869598373,7036492.39571864,2020-07-04,11,25509,1,1741,2020-07-02,25498.0,3309.0,436.0,8226.0,1809.0,22.0,17.0,72.0,197.0,267.0,446.0,492.0,1794.0,10901.0,12799.0,30.0,53.0,120.0,329.0,1901.0,4287.0,4485.0,4576.0,3254.0,6471.0,48.0,33.0,64.0,2.0,125
-856335.869598373,7036492.39571864,2020-07-05,18,25527,0,1741,2020-07-03,25509.0,3308.0,436.0,8227.0,1823.0,22.0,17.0,72.0,197.0,267.0,446.0,492.0,1793.0,10909.0,14570.0,30.0,53.0,121.0,329.0,1901.0,4289.0,4488.0,4580.0,3255.0,6371.0,48.0,33.0,64.0,2.0,126
-856335.869598373,7036492.39571864,2020-07-06,4,25531,0,1741,2020-07-04,25527.0,3309.0,437.0,8234.0,1823.0,22.0,17.0,72.0,197.0,267.0,447.0,492.0,1793.0,10919.0,14578.0,30.0,54.0,121.0,330.0,1902.0,4291.0,4493.0,4583.0,3257.0,6473.0,48.0,33.0,64.0,2.0,127
-856335.869598373,7036492.39571864,2020-07-07,24,25538,1,1742,2020-07-05,25514.0,3307.0,436.0,8237.0,1827.0,22.0,17.0,73.0,197.0,267.0,446.0,491.0,1792.0,10912.0,14572.0,30.0,54.0,121.0,330.0,1903.0,4289.0,4491.0,4577.0,3256.0,6471.0,48.0,33.0,65.0,2.0,128
-856335.869598373,7036492.39571864,2020-07-08,11,25542,0,1738,2020-07-06,25531.0,3313.0,436.0,8251.0,1860.0,22.0,17.0,73.0,197.0,268.0,445.0,491.0,1798.0,10918.0,14583.0,30.0,54.0,122.0,330.0,1905.0,4293.0,4498.0,4578.0,3259.0,6470.0,48.0,33.0,65.0,2.0,129
-856335.869598373,7036492.39571864,2020-07-09,23,25565,6,1743,2020-07-07,25543.0,3328.0,436.0,8265.0,1884.0,23.0,17.0,74.0,197.0,271.0,447.0,495.0,1802.0,10922.0,14591.0,30.0,55.0,122.0,330.0,1908.0,4296.0,4499.0,4580.0,3260.0,6471.0,48.0,33.0,65.0,2.0,130
-856335.869598373,7036492.39571864,2020-07-10,25,25589,1,1744,2020-07-08,25564.0,3328.0,436.0,8268.0,1896.0,23.0,17.0,74.0,197.0,271.0,447.0,495.0,1802.0,10930.0,14604.0,30.0,55.0,123.0,332.0,1922.0,4299.0,4500.0,4580.0,3260.0,6471.0,48.0,33.0,65.0,2.0,131
-856335.869598373,7036492.39571864,2020-07-11,23,25611,2,1746,2020-07-09,25588.0,3330.0,436.0,8273.0,1920.0,23.0,17.0,74.0,197.0,273.0,447.0,495.0,1802.0,10939.0,14619.0,30.0,55.0,123.0,336.0,1933.0,4300.0,4505.0,4582.0,3260.0,6472.0,48.0,33.0,65.0,2.0,132
-856335.869598373,7036492.39571864,2020-07-12,17,25628,0,1746,2020-07-10,25611.0,3330.0,436.0,8276.0,1935.0,23.0,17.0,74.0,197.0,273.0,447.0,495.0,1802.0,10947.0,14633.0,31.0,56.0,123.0,337.0,1939.0,4305.0,4510.0,4585.0,3260.0,6474.0,48.0,33.0,65.0,2.0,133
-856335.869598373,7036492.39571864,2020-07-13,11,25638,0,1746,2020-07-11,25627.0,3330.0,436.0,8284.0,1935.0,23.0,17.0,74.0,197.0,273.0,447.0,495.0,1802.0,10954.0,14643.0,30.0,56.0,123.0,336.0,1940.0,4316.0,4512.0,4586.0,3261.0,6475.0,48.0,33.0,65.0,2.0,134
-856335.869598373,7036492.39571864,2020-07-14,32,25670,0,1746,2020-07-12,25638.0,3332.0,436.0,8293.0,1933.0,23.0,17.0,75.0,197.0,273.0,447.0,495.0,1803.0,10958.0,14650.0,30.0,56.0,123.0,336.0,1942.0,4319.0,4512.0,4588.0,3263.0,6477.0,48.0,32.0,65.0,2.0,135
-856335.869598373,7036492.39571864,2020-07-15,14,25683,2,1748,2020-07-13,25669.0,3337.0,437.0,8313.0,1976.0,23.0,17.0,75.0,198.0,274.0,448.0,496.0,1804.0,10970.0,14672.0,27.0,56.0,123.0,336.0,1944.0,4326.0,4517.0,4596.0,3267.0,6482.0,48.0,32.0,65.0,2.0,136
-856335.869598373,7036492.39571864,2020-07-16,21,25698,1,1749,2020-07-14,25677.0,3339.0,437.0,8324.0,2019.0,23.0,17.0,75.0,198.0,274.0,448.0,497.0,1806.0,10976.0,14674.0,27.0,56.0,123.0,336.0,1946.0,4329.0,4518.0,4598.0,3267.0,6494.0,48.0,32.0,66.0,2.0,137
-856335.869598373,7036492.39571864,2020-07-17,34,25730,3,1752,2020-07-15,25696.0,3339.0,437.0,8326.0,2101.0,23.0,17.0,75.0,198.0,274.0,448.0,497.0,1806.0,10988.0,14681.0,27.0,56.0,124.0,336.0,1947.0,4338.0,4521.0,4599.0,3267.0,6488.0,48.0,32.0,66.0,2.0,138
-856335.869598373,7036492.39571864,2020-07-18,21,25750,2,1753,2020-07-16,25730.0,3342.0,437.0,8333.0,2110.0,23.0,17.0,76.0,198.0,274.0,449.0,497.0,1807.0,11006.0,14697.0,27.0,57.0,126.0,337.0,1954.0,4346.0,4525.0,4602.0,3269.0,6503.0,48.0,32.0,66.0,2.0,139
-856335.869598373,7036492.39571864,2020-07-19,10,25760,0,1753,2020-07-17,25751.0,3342.0,437.0,8338.0,2146.0,23.0,17.0,76.0,198.0,274.0,449.0,497.0,1807.0,11016.0,14708.0,27.0,57.0,126.0,337.0,1959.0,4351.0,4526.0,4605.0,3272.0,6497.0,48.0,32.0,66.0,2.0,140
-856335.869598373,7036492.39571864,2020-07-20,6,25766,0,1753,2020-07-18,25760.0,3343.0,437.0,8342.0,2146.0,23.0,17.0,76.0,198.0,274.0,449.0,497.0,1808.0,11019.0,14713.0,28.0,57.0,126.0,337.0,1960.0,4353.0,4530.0,4605.0,3273.0,6498.0,48.0,32.0,66.0,2.0,141
-856335.869598373,7036492.39571864,2020-07-21,36,25802,0,1753,2020-07-19,25766.0,3342.0,437.0,8348.0,2146.0,23.0,17.0,76.0,198.0,274.0,448.0,497.0,1808.0,11022.0,14716.0,28.0,57.0,126.0,338.0,1960.0,4353.0,4532.0,4607.0,3274.0,6498.0,48.0,32.0,66.0,2.0,142
-856335.869598373,7036492.39571864,2020-07-22,17,25819,1,1754,2020-07-20,25802.0,3340.0,438.0,8355.0,2153.0,22.0,18.0,75.0,198.0,274.0,447.0,497.0,1808.0,11049.0,14725.0,28.0,57.0,126.0,340.0,1965.0,4359.0,4536.0,4618.0,3279.0,6501.0,48.0,32.0,66.0,2.0,143
-856335.869598373,7036492.39571864,2020-07-23,7,25826,9,1763,2020-07-21,25819.0,3341.0,438.0,8367.0,2226.0,22.0,18.0,76.0,198.0,274.0,447.0,497.0,1808.0,11056.0,14735.0,28.0,57.0,127.0,340.0,1966.0,4363.0,4539.0,4621.0,3280.0,6505.0,48.0,32.0,66.0,2.0,144
-856335.869598373,7036492.39571864,2020-07-24,20,25845,0,1763,2020-07-22,25825.0,3344.0,438.0,8380.0,2264.0,22.0,18.0,76.0,198.0,274.0,449.0,497.0,1809.0,11059.0,14738.0,28.0,57.0,127.0,340.0,1967.0,4365.0,4540.0,4622.0,3280.0,6506.0,48.0,32.0,66.0,2.0,145
-856335.869598373,7036492.39571864,2020-07-25,24,25869,1,1764,2020-07-23,25845.0,3345.0,438.0,8381.0,2274.0,22.0,18.0,76.0,198.0,274.0,449.0,498.0,1809.0,11067.0,14738.0,21.0,57.0,128.0,342.0,1970.0,4372.0,4544.0,4622.0,3281.0,6508.0,48.0,32.0,66.0,2.0,146
-856335.869598373,7036492.39571864,2020-07-26,12,25881,0,1764,2020-07-24,25869.0,3345.0,438.0,8384.0,2282.0,22.0,18.0,76.0,198.0,274.0,449.0,498.0,1809.0,11079.0,14761.0,28.0,58.0,128.0,342.0,1973.0,4379.0,4553.0,4626.0,3281.0,6508.0,48.0,32.0,66.0,2.0,147
-856335.869598373,7036492.39571864,2020-07-27,11,25892,0,1764,2020-07-25,25881.0,3346.0,438.0,8390.0,2282.0,23.0,18.0,76.0,198.0,274.0,449.0,498.0,1809.0,11084.0,14769.0,28.0,58.0,130.0,342.0,1976.0,4385.0,4553.0,4626.0,3282.0,6508.0,48.0,32.0,66.0,2.0,148
-856335.869598373,7036492.39571864,2020-07-28,40,25929,0,1764,2020-07-26,25890.0,3349.0,437.0,8395.0,2282.0,23.0,18.0,76.0,198.0,274.0,451.0,498.0,1810.0,11092.0,14770.0,28.0,58.0,130.0,343.0,1977.0,4386.0,4556.0,4629.0,3282.0,6508.0,48.0,32.0,66.0,2.0,149
-856335.869598373,7036492.39571864,2020-07-29,14,25942,0,1764,2020-07-27,25928.0,3349.0,438.0,8401.0,2291.0,23.0,18.0,76.0,198.0,274.0,451.0,499.0,1809.0,11112.0,14788.0,28.0,58.0,131.0,346.0,1984.0,4397.0,4563.0,4634.0,3285.0,6509.0,48.0,32.0,66.0,2.0,150
-856335.869598373,7036492.39571864,2020-07-30,85,26027,1,1763,2020-07-28,25942.0,3350.0,438.0,8407.0,2303.0,24.0,18.0,76.0,198.0,274.0,451.0,499.0,1809.0,11115.0,14799.0,28.0,59.0,132.0,347.0,1985.0,4405.0,4563.0,4634.0,3286.0,6510.0,48.0,32.0,66.0,2.0,151
-856335.869598373,7036492.39571864,2020-07-31,38,26065,0,1763,2020-07-29,26027.0,3352.0,437.0,8420.0,2307.0,24.0,18.0,77.0,198.0,274.0,451.0,499.0,1810.0,11168.0,14831.0,28.0,59.0,133.0,355.0,2004.0,4420.0,4572.0,4650.0,3291.0,6516.0,47.0,32.0,66.0,2.0,152
-856335.869598373,7036492.39571864,2020-08-01,45,26109,0,1763,2020-07-30,26064.0,3353.0,437.0,8429.0,2313.0,24.0,18.0,77.0,198.0,274.0,451.0,499.0,1811.0,11189.0,14847.0,28.0,62.0,136.0,357.0,2014.0,4433.0,4578.0,4655.0,3290.0,6518.0,47.0,31.0,66.0,2.0,153
-856335.869598373,7036492.39571864,2020-08-02,53,26162,0,1763,2020-07-31,26109.0,3359.0,437.0,8432.0,2318.0,23.0,18.0,78.0,201.0,275.0,453.0,499.0,1811.0,11212.0,14869.0,28.0,63.0,137.0,362.0,2019.0,4444.0,4589.0,4662.0,3292.0,6520.0,47.0,31.0,66.0,2.0,154
-856335.869598373,7036492.39571864,2020-08-03,46,26208,0,1763,2020-08-01,26162.0,3359.0,437.0,8437.0,2319.0,23.0,18.0,79.0,200.0,275.0,453.0,499.0,1811.0,11238.0,14896.0,28.0,66.0,140.0,368.0,2029.0,4455.0,4598.0,4666.0,3294.0,6525.0,47.0,31.0,66.0,2.0,155
-856335.869598373,7036492.39571864,2020-08-04,45,26253,0,1763,2020-08-02,26209.0,3358.0,437.0,8438.0,2321.0,23.0,18.0,78.0,200.0,276.0,451.0,499.0,1812.0,11266.0,14915.0,28.0,67.0,142.0,372.0,2037.0,4474.0,4603.0,4671.0,3296.0,6526.0,47.0,31.0,66.0,2.0,156
-856335.869598373,7036492.39571864,2020-08-05,50,26303,0,1763,2020-08-03,26255.0,3357.0,439.0,8442.0,2323.0,24.0,18.0,77.0,200.0,275.0,451.0,499.0,1812.0,11301.0,14926.0,28.0,67.0,143.0,372.0,2044.0,4492.0,4612.0,4678.0,3299.0,6527.0,47.0,31.0,66.0,2.0,157
-856335.869598373,7036492.39571864,2020-08-06,69,26372,5,1768,2020-08-04,26303.0,3359.0,437.0,8444.0,2326.0,24.0,18.0,77.0,200.0,275.0,451.0,499.0,1814.0,11330.0,14945.0,28.0,70.0,145.0,377.0,2055.0,4502.0,4619.0,4683.0,3302.0,6529.0,47.0,31.0,66.0,2.0,158
-856335.869598373,7036492.39571864,2020-08-07,98,26470,4,1772,2020-08-05,26372.0,3362.0,438.0,8448.0,2331.0,24.0,18.0,77.0,199.0,275.0,451.0,500.0,1817.0,11361.0,14982.0,29.0,71.0,146.0,381.0,2062.0,4521.0,4632.0,4700.0,3306.0,6532.0,47.0,31.0,66.0,2.0,159
-856335.869598373,7036492.39571864,2020-08-08,174,26644,1,1772,2020-08-06,26470.0,3364.0,438.0,8451.0,2331.0,24.0,18.0,77.0,199.0,275.0,452.0,500.0,1818.0,11418.0,15021.0,29.0,71.0,148.0,383.0,2076.0,4544.0,4658.0,4719.0,3314.0,6536.0,47.0,31.0,66.0,2.0,160
-856335.869598373,7036492.39571864,2020-08-09,68,26712,0,1772,2020-08-07,26644.0,3365.0,438.0,8456.0,2332.0,24.0,18.0,77.0,200.0,275.0,452.0,500.0,1818.0,11545.0,15070.0,29.0,73.0,150.0,389.0,2098.0,4594.0,4695.0,4747.0,3332.0,6545.0,47.0,31.0,66.0,2.0,161
-856335.869598373,7036492.39571864,2020-08-10,57,26768,0,1772,2020-08-08,26711.0,3364.0,438.0,8458.0,2336.0,24.0,18.0,77.0,200.0,275.0,452.0,500.0,1817.0,11582.0,15101.0,28.0,75.0,152.0,395.0,2109.0,4612.0,4711.0,4752.0,3337.0,6547.0,47.0,31.0,66.0,2.0,162
